[
 {
  "line": "  api_key: 3b6311afca5bd8aac647b316704e9c6d # Risk.",
  "offender": "api_key: 3b6311afca5bd8aac647b316704e9c6d",
  "commit": "2e951359cac53addbee56437da3ffb546e3dfe24",
  "repo": ".",
  "rule": "Generic Credential",
  "commitMessage": "Merge branch 'dev'\n",
  "author": "Dylan Katz",
  "email": "git@dylankatz.com",
  "file": "cloud/.tugboat",
  "date": "2020-02-29T18:36:02-08:00",
  "tags": "key, API, generic"
 },
 {
  "line": "  api_key: 3b6311afca5bd8aac647b316704e9c6d # Sensitive.",
  "offender": "api_key: 3b6311afca5bd8aac647b316704e9c6d",
  "commit": "2e951359cac53addbee56437da3ffb546e3dfe24",
  "repo": ".",
  "rule": "Generic Credential",
  "commitMessage": "Merge branch 'dev'\n",
  "author": "Dylan Katz",
  "email": "git@dylankatz.com",
  "file": "cloud/.tugboat",
  "date": "2020-02-29T18:36:02-08:00",
  "tags": "key, API, generic"
 },
 {
  "line": "      \"sshUserPassword\" : \"roboMongoSSHPass\",",
  "offender": "Password\" : \"roboMongoSSHPass",
  "commit": "84a1d593bea00e42f481491ca75f4ed7e9579c46",
  "repo": ".",
  "rule": "Generic Credential",
  "commitMessage": "Merge branch 'dev'\n\n",
  "author": "Dylan Katz",
  "email": "git@dylankatz.com",
  "file": "db/robomongo.json",
  "date": "2019-11-14T19:44:47-08:00",
  "tags": "key, API, generic"
 },
 {
  "line": "export AWS_ACCESS_KEY_ID=yLryKGwcGc3ez9G8YAnjeYMQOc # Informative, can't be used w/o the secret key",
  "offender": "KEY_ID=yLryKGwcGc3ez9G8YAnjeYMQOc",
  "commit": "4ad3f90463c8b7de38a71a0b077ac34824f1707a",
  "repo": ".",
  "rule": "Generic Credential",
  "commitMessage": "v1.1.0 (#3)\n\nv1.1.0",
  "author": "Dylan Katz",
  "email": "Plazmaz@users.noreply.github.com",
  "file": ".bash_profile",
  "date": "2019-11-14T18:33:23-08:00",
  "tags": "key, API, generic"
 },
 {
  "line": "export AWS_ACCESS_KEY_ID=yLryKGwcGc3ez9G8YAnjeYMQOc",
  "offender": "KEY_ID=yLryKGwcGc3ez9G8YAnjeYMQOc",
  "commit": "4ad3f90463c8b7de38a71a0b077ac34824f1707a",
  "repo": ".",
  "rule": "Generic Credential",
  "commitMessage": "v1.1.0 (#3)\n\nv1.1.0",
  "author": "Dylan Katz",
  "email": "Plazmaz@users.noreply.github.com",
  "file": ".bash_profile",
  "date": "2019-11-14T18:33:23-08:00",
  "tags": "key, API, generic"
 },
 {
  "line": "aws_access_key_id = yLryKGwcGc3ez9G8YAnjeYMQOc # Informative, can't be used alone",
  "offender": "key_id = yLryKGwcGc3ez9G8YAnjeYMQOc",
  "commit": "4ad3f90463c8b7de38a71a0b077ac34824f1707a",
  "repo": ".",
  "rule": "Generic Credential",
  "commitMessage": "v1.1.0 (#3)\n\nv1.1.0",
  "author": "Dylan Katz",
  "email": "Plazmaz@users.noreply.github.com",
  "file": "cloud/.credentials",
  "date": "2019-11-14T18:33:23-08:00",
  "tags": "key, API, generic"
 },
 {
  "line": "aws_access_key_id = yLryKGwcGc3ez9G8YAnjeYMQOc",
  "offender": "key_id = yLryKGwcGc3ez9G8YAnjeYMQOc",
  "commit": "4ad3f90463c8b7de38a71a0b077ac34824f1707a",
  "repo": ".",
  "rule": "Generic Credential",
  "commitMessage": "v1.1.0 (#3)\n\nv1.1.0",
  "author": "Dylan Katz",
  "email": "Plazmaz@users.noreply.github.com",
  "file": "cloud/.credentials",
  "date": "2019-11-14T18:33:23-08:00",
  "tags": "key, API, generic"
 },
 {
  "line": "secret_key = yLryKGwcGc3ez9G8YAnjeYMQOc # Sensitive",
  "offender": "secret_key = yLryKGwcGc3ez9G8YAnjeYMQOc",
  "commit": "4ad3f90463c8b7de38a71a0b077ac34824f1707a",
  "repo": ".",
  "rule": "Generic Credential",
  "commitMessage": "v1.1.0 (#3)\n\nv1.1.0",
  "author": "Dylan Katz",
  "email": "Plazmaz@users.noreply.github.com",
  "file": "cloud/.s3cfg",
  "date": "2019-11-14T18:33:23-08:00",
  "tags": "key, API, generic"
 },
 {
  "line": "access_key = nAH2VzKrMrRjySLlt8HCdFU3tM2TUuUZgh39NX # Informative",
  "offender": "key = nAH2VzKrMrRjySLlt8HCdFU3tM2TUuUZgh39NX",
  "commit": "4ad3f90463c8b7de38a71a0b077ac34824f1707a",
  "repo": ".",
  "rule": "Generic Credential",
  "commitMessage": "v1.1.0 (#3)\n\nv1.1.0",
  "author": "Dylan Katz",
  "email": "Plazmaz@users.noreply.github.com",
  "file": "cloud/.s3cfg",
  "date": "2019-11-14T18:33:23-08:00",
  "tags": "key, API, generic"
 },
 {
  "line": "secret_key = yLryKGwcGc3ez9G8YAnjeYMQOc",
  "offender": "secret_key = yLryKGwcGc3ez9G8YAnjeYMQOc",
  "commit": "4ad3f90463c8b7de38a71a0b077ac34824f1707a",
  "repo": ".",
  "rule": "Generic Credential",
  "commitMessage": "v1.1.0 (#3)\n\nv1.1.0",
  "author": "Dylan Katz",
  "email": "Plazmaz@users.noreply.github.com",
  "file": "cloud/.s3cfg",
  "date": "2019-11-14T18:33:23-08:00",
  "tags": "key, API, generic"
 },
 {
  "line": "access_key = nAH2VzKrMrRjySLlt8HCdFU3tM2TUuUZgh39NX",
  "offender": "key = nAH2VzKrMrRjySLlt8HCdFU3tM2TUuUZgh39NX",
  "commit": "4ad3f90463c8b7de38a71a0b077ac34824f1707a",
  "repo": ".",
  "rule": "Generic Credential",
  "commitMessage": "v1.1.0 (#3)\n\nv1.1.0",
  "author": "Dylan Katz",
  "email": "Plazmaz@users.noreply.github.com",
  "file": "cloud/.s3cfg",
  "date": "2019-11-14T18:33:23-08:00",
  "tags": "key, API, generic"
 },
 {
  "line": "  client_key: 383c8164d4bdd95d8b1bfbf4f540d754 # Informative",
  "offender": "key: 383c8164d4bdd95d8b1bfbf4f540d754",
  "commit": "4ad3f90463c8b7de38a71a0b077ac34824f1707a",
  "repo": ".",
  "rule": "Generic Credential",
  "commitMessage": "v1.1.0 (#3)\n\nv1.1.0",
  "author": "Dylan Katz",
  "email": "Plazmaz@users.noreply.github.com",
  "file": "cloud/.tugboat",
  "date": "2019-11-14T18:33:23-08:00",
  "tags": "key, API, generic"
 },
 {
  "line": "  api_key: 3b6311afca5bd8aac647b316704e9c6d # Sensitive.",
  "offender": "api_key: 3b6311afca5bd8aac647b316704e9c6d",
  "commit": "4ad3f90463c8b7de38a71a0b077ac34824f1707a",
  "repo": ".",
  "rule": "Generic Credential",
  "commitMessage": "v1.1.0 (#3)\n\nv1.1.0",
  "author": "Dylan Katz",
  "email": "Plazmaz@users.noreply.github.com",
  "file": "cloud/.tugboat",
  "date": "2019-11-14T18:33:23-08:00",
  "tags": "key, API, generic"
 },
 {
  "line": "  client_key: 383c8164d4bdd95d8b1bfbf4f540d754",
  "offender": "key: 383c8164d4bdd95d8b1bfbf4f540d754",
  "commit": "4ad3f90463c8b7de38a71a0b077ac34824f1707a",
  "repo": ".",
  "rule": "Generic Credential",
  "commitMessage": "v1.1.0 (#3)\n\nv1.1.0",
  "author": "Dylan Katz",
  "email": "Plazmaz@users.noreply.github.com",
  "file": "cloud/.tugboat",
  "date": "2019-11-14T18:33:23-08:00",
  "tags": "key, API, generic"
 },
 {
  "line": "  api_key: 3b6311afca5bd8aac647b316704e9c6d",
  "offender": "api_key: 3b6311afca5bd8aac647b316704e9c6d",
  "commit": "4ad3f90463c8b7de38a71a0b077ac34824f1707a",
  "repo": ".",
  "rule": "Generic Credential",
  "commitMessage": "v1.1.0 (#3)\n\nv1.1.0",
  "author": "Dylan Katz",
  "email": "Plazmaz@users.noreply.github.com",
  "file": "cloud/.tugboat",
  "date": "2019-11-14T18:33:23-08:00",
  "tags": "key, API, generic"
 },
 {
  "line": "OyrnNP7IEHYxOpBshZamatPwpOkq4nSbryEOl+PU+OPOeb9MzOjfnREbvPNOVOfB",
  "offender": "PwpOkq4nSbryEOl+PU+OPOeb9MzOjfnREbvPNOVOfB",
  "commit": "38f1204b43142c13b5e9c5d08060bed8dbc1ad04",
  "repo": ".",
  "rule": "Generic Credential",
  "commitMessage": "Fixed up a few secrets, added benchmarks.\n",
  "author": "Dylan Katz",
  "email": "git@dylankatz.com",
  "file": "misc-keys/cert-example.pem",
  "date": "2019-11-06T23:14:15-08:00",
  "tags": "key, API, generic"
 },
 {
  "line": "export HOMEBREW_GITHUB_API_TOKEN='51e61afee2c2667123fc9ed160a0a20b330c8f74'",
  "offender": "GITHUB_API_TOKEN='51e61afee2c2667123fc9ed160a0a20b330c8f74",
  "commit": "903a9caba59d2514ca1aab7129fece6be3b9b849",
  "repo": ".",
  "rule": "Github",
  "commitMessage": "Initial Commit\n",
  "author": "Dylan Katz",
  "email": "git@dylankatz.com",
  "file": ".bash_profile",
  "date": "2019-11-06T21:56:54-08:00",
  "tags": "key, Github"
 },
 {
  "line": "export SLACK_API_TOKEN='xoxp-858723095049-581481478633-908968721956-f16b85d1f73ef37c02323bf3fd537ea5'",
  "offender": "xoxp-858723095049",
  "commit": "903a9caba59d2514ca1aab7129fece6be3b9b849",
  "repo": ".",
  "rule": "Slack",
  "commitMessage": "Initial Commit\n",
  "author": "Dylan Katz",
  "email": "git@dylankatz.com",
  "file": ".bash_profile",
  "date": "2019-11-06T21:56:54-08:00",
  "tags": "key, Slack"
 },
 {
  "line": "export AWS_ACCESS_KEY_ID=yLryKGwcGc3ez9G8YAnjeYMQOc",
  "offender": "KEY_ID=yLryKGwcGc3ez9G8YAnjeYMQOc",
  "commit": "903a9caba59d2514ca1aab7129fece6be3b9b849",
  "repo": ".",
  "rule": "Generic Credential",
  "commitMessage": "Initial Commit\n",
  "author": "Dylan Katz",
  "email": "git@dylankatz.com",
  "file": ".bash_profile",
  "date": "2019-11-06T21:56:54-08:00",
  "tags": "key, API, generic"
 },
 {
  "line": "export AWS_SECRET_ACCESS_KEY=nAH2VzKrMrRjySLlt8HCdFU3tM2TUuUZgh39NX",
  "offender": "SECRET_ACCESS_KEY=nAH2VzKrMrRjySLlt8HCdFU3tM2TUuUZgh39NX",
  "commit": "903a9caba59d2514ca1aab7129fece6be3b9b849",
  "repo": ".",
  "rule": "Generic Credential",
  "commitMessage": "Initial Commit\n",
  "author": "Dylan Katz",
  "email": "git@dylankatz.com",
  "file": ".bash_profile",
  "date": "2019-11-06T21:56:54-08:00",
  "tags": "key, API, generic"
 },
 {
  "line": "export JEKYLL_GITHUB_TOKEN=\"c77e01c1e89682e4d4b94a059a7fd2b37ab326ed\"",
  "offender": "GITHUB_TOKEN=\"c77e01c1e89682e4d4b94a059a7fd2b37ab326ed",
  "commit": "903a9caba59d2514ca1aab7129fece6be3b9b849",
  "repo": ".",
  "rule": "Github",
  "commitMessage": "Initial Commit\n",
  "author": "Dylan Katz",
  "email": "git@dylankatz.com",
  "file": ".bashrc",
  "date": "2019-11-06T21:56:54-08:00",
  "tags": "key, Github"
 },
 {
  "line": "export MAILCHIMP_API_KEY=\"38c47f19e349153fa963bb3b3212fe8e-us11\"",
  "offender": "API_KEY=\"38c47f19e349153fa963bb3b3212fe8e",
  "commit": "903a9caba59d2514ca1aab7129fece6be3b9b849",
  "repo": ".",
  "rule": "Generic Credential",
  "commitMessage": "Initial Commit\n",
  "author": "Dylan Katz",
  "email": "git@dylankatz.com",
  "file": ".bashrc",
  "date": "2019-11-06T21:56:54-08:00",
  "tags": "key, API, generic"
 },
 {
  "line": "export MAILCHIMP_API_KEY=\"38c47f19e349153fa963bb3b3212fe8e-us11\"",
  "offender": "MAILCHIMP_API_KEY=\"38c47f19e349153fa963bb3b3212fe8e-us11",
  "commit": "903a9caba59d2514ca1aab7129fece6be3b9b849",
  "repo": ".",
  "rule": "MailChimp API key",
  "commitMessage": "Initial Commit\n",
  "author": "Dylan Katz",
  "email": "git@dylankatz.com",
  "file": ".bashrc",
  "date": "2019-11-06T21:56:54-08:00",
  "tags": "key, Mailchimp"
 },
 {
  "line": "    \"keyboardInteractive\": false,",
  "offender": "keyboardInteractive",
  "commit": "903a9caba59d2514ca1aab7129fece6be3b9b849",
  "repo": ".",
  "rule": "Generic Credential",
  "commitMessage": "Initial Commit\n",
  "author": "Dylan Katz",
  "email": "git@dylankatz.com",
  "file": ".ftpconfig",
  "date": "2019-11-06T21:56:54-08:00",
  "tags": "key, API, generic"
 },
 {
  "line": "    \"keyboardInteractiveForPass\": false,",
  "offender": "keyboardInteractiveForPass",
  "commit": "903a9caba59d2514ca1aab7129fece6be3b9b849",
  "repo": ".",
  "rule": "Generic Credential",
  "commitMessage": "Initial Commit\n",
  "author": "Dylan Katz",
  "email": "git@dylankatz.com",
  "file": ".ftpconfig",
  "date": "2019-11-06T21:56:54-08:00",
  "tags": "key, API, generic"
 },
 {
  "line": "        \u003cfileTransfer host=\"example.com\" port=\"21\" password=\"dff9dfdfdfdadfcfdfd8dff9dfcfdfcfdfc9dfd8dfcfdfdedffadfcbdfd9dfd9dfdddfc5dfd8dfcedf8b\" username=\"root\"\u003e",
  "offender": "password=\"dff9dfdfdfdadfcfdfd8dff9dfcfdfcfdfc9dfd8dfcfdfdedffadfcbdfd9dfd",
  "commit": "903a9caba59d2514ca1aab7129fece6be3b9b849",
  "repo": ".",
  "rule": "Generic Credential",
  "commitMessage": "Initial Commit\n",
  "author": "Dylan Katz",
  "email": "git@dylankatz.com",
  "file": ".idea/WebServers.xml",
  "date": "2019-11-06T21:56:54-08:00",
  "tags": "key, API, generic"
 },
 {
  "line": "            \"encryptedPassword\": \"MDoEEPgAAAAAAAAAAAAAAAAAAAEwFAYIKoZIhvcNAwcECBQ0N0EftdcPBBD9CaBvRSe9MhhqBjbd3UG8\",",
  "offender": "Password\": \"MDoEEPgAAAAAAAAAAAAAAAAAAAEwFAYIKoZIhvcNAwcECBQ0N0EftdcPBBD9C",
  "commit": "903a9caba59d2514ca1aab7129fece6be3b9b849",
  "repo": ".",
  "rule": "Generic Credential",
  "commitMessage": "Initial Commit\n",
  "author": "Dylan Katz",
  "email": "git@dylankatz.com",
  "file": ".mozilla/firefox/logins.json",
  "date": "2019-11-06T21:56:54-08:00",
  "tags": "key, API, generic"
 },
 {
  "line": "            \"encryptedPassword\": \"MDoEEPgAAAAAAAAAAAAAAAAAAAEwFAYIKoZIhvcNAwcECBUufYeWbuziBBAraNDREdVus+piXPZaR/Ym\",",
  "offender": "Password\": \"MDoEEPgAAAAAAAAAAAAAAAAAAAEwFAYIKoZIhvcNAwcECBUufYeWbuziBBAra",
  "commit": "903a9caba59d2514ca1aab7129fece6be3b9b849",
  "repo": ".",
  "rule": "Generic Credential",
  "commitMessage": "Initial Commit\n",
  "author": "Dylan Katz",
  "email": "git@dylankatz.com",
  "file": ".mozilla/firefox/logins.json",
  "date": "2019-11-06T21:56:54-08:00",
  "tags": "key, API, generic"
 },
 {
  "line": "            \"encryptedPassword\": \"MFIEEPgAAAAAAAAAAAAAAAAAAAEwFAYIKoZIhvcNAwcECNa3fxQUbhzwBCjyWS8Qx2UiUcoq3nvLmPXWtc4bdm88HLfIMTGJcM7WvDALDHdWIAwY\",",
  "offender": "Password\": \"MFIEEPgAAAAAAAAAAAAAAAAAAAEwFAYIKoZIhvcNAwcECNa3fxQUbhzwBCjyW",
  "commit": "903a9caba59d2514ca1aab7129fece6be3b9b849",
  "repo": ".",
  "rule": "Generic Credential",
  "commitMessage": "Initial Commit\n",
  "author": "Dylan Katz",
  "email": "git@dylankatz.com",
  "file": ".mozilla/firefox/logins.json",
  "date": "2019-11-06T21:56:54-08:00",
  "tags": "key, API, generic"
 },
 {
  "line": "            \"encryptedPassword\": \"MFoEEPgAAAAAAAAAAAAAAAAAAAEwFAYIKoZIhvcNAwcECCSrh9ud0IorBDA4ncCjHIDjDlUIliEvJ7at4r2M68qLKFHTGEsiUkRJjRJ0ir6Zy59rKq4EtVnrzMI=\",",
  "offender": "Password\": \"MFoEEPgAAAAAAAAAAAAAAAAAAAEwFAYIKoZIhvcNAwcECCSrh9ud0IorBDA4n",
  "commit": "903a9caba59d2514ca1aab7129fece6be3b9b849",
  "repo": ".",
  "rule": "Generic Credential",
  "commitMessage": "Initial Commit\n",
  "author": "Dylan Katz",
  "email": "git@dylankatz.com",
  "file": ".mozilla/firefox/logins.json",
  "date": "2019-11-06T21:56:54-08:00",
  "tags": "key, API, generic"
 },
 {
  "line": "-----BEGIN RSA PRIVATE KEY-----",
  "offender": "-----BEGIN RSA PRIVATE KEY-----",
  "commit": "903a9caba59d2514ca1aab7129fece6be3b9b849",
  "repo": ".",
  "rule": "Asymmetric Private Key",
  "commitMessage": "Initial Commit\n",
  "author": "Dylan Katz",
  "email": "git@dylankatz.com",
  "file": ".ssh/id_rsa",
  "date": "2019-11-06T21:56:54-08:00",
  "tags": "key, AsymmetricPrivateKey"
 },
 {
  "line": "4PIk3+LIiB39TPrAYNEHpwKBgCdlCcezseNsfLZtszoZjHxTqHx2BgMZ2VAiNGvB",
  "offender": "pwKBgCdlCcezseNsfLZtszoZjHxTqHx2BgMZ2VAiNGvB",
  "commit": "903a9caba59d2514ca1aab7129fece6be3b9b849",
  "repo": ".",
  "rule": "Generic Credential",
  "commitMessage": "Initial Commit\n",
  "author": "Dylan Katz",
  "email": "git@dylankatz.com",
  "file": ".ssh/id_rsa",
  "date": "2019-11-06T21:56:54-08:00",
  "tags": "key, API, generic"
 },
 {
  "line": "aws_access_key_id = yLryKGwcGc3ez9G8YAnjeYMQOc",
  "offender": "key_id = yLryKGwcGc3ez9G8YAnjeYMQOc",
  "commit": "903a9caba59d2514ca1aab7129fece6be3b9b849",
  "repo": ".",
  "rule": "Generic Credential",
  "commitMessage": "Initial Commit\n",
  "author": "Dylan Katz",
  "email": "git@dylankatz.com",
  "file": "cloud/.credentials",
  "date": "2019-11-06T21:56:54-08:00",
  "tags": "key, API, generic"
 },
 {
  "line": "aws_secret_access_key = nAH2VzKrMrRjySLlt8HCdFU3tM2TUuUZgh39NX",
  "offender": "secret_access_key = nAH2VzKrMrRjySLlt8HCdFU3tM2TUuUZgh39NX",
  "commit": "903a9caba59d2514ca1aab7129fece6be3b9b849",
  "repo": ".",
  "rule": "Generic Credential",
  "commitMessage": "Initial Commit\n",
  "author": "Dylan Katz",
  "email": "git@dylankatz.com",
  "file": "cloud/.credentials",
  "date": "2019-11-06T21:56:54-08:00",
  "tags": "key, API, generic"
 },
 {
  "line": "secret_key = yLryKGwcGc3ez9G8YAnjeYMQOc",
  "offender": "secret_key = yLryKGwcGc3ez9G8YAnjeYMQOc",
  "commit": "903a9caba59d2514ca1aab7129fece6be3b9b849",
  "repo": ".",
  "rule": "Generic Credential",
  "commitMessage": "Initial Commit\n",
  "author": "Dylan Katz",
  "email": "git@dylankatz.com",
  "file": "cloud/.s3cfg",
  "date": "2019-11-06T21:56:54-08:00",
  "tags": "key, API, generic"
 },
 {
  "line": "access_key = nAH2VzKrMrRjySLlt8HCdFU3tM2TUuUZgh39NX",
  "offender": "key = nAH2VzKrMrRjySLlt8HCdFU3tM2TUuUZgh39NX",
  "commit": "903a9caba59d2514ca1aab7129fece6be3b9b849",
  "repo": ".",
  "rule": "Generic Credential",
  "commitMessage": "Initial Commit\n",
  "author": "Dylan Katz",
  "email": "git@dylankatz.com",
  "file": "cloud/.s3cfg",
  "date": "2019-11-06T21:56:54-08:00",
  "tags": "key, API, generic"
 },
 {
  "line": "  client_key: 383c8164d4bdd95d8b1bfbf4f540d754",
  "offender": "key: 383c8164d4bdd95d8b1bfbf4f540d754",
  "commit": "903a9caba59d2514ca1aab7129fece6be3b9b849",
  "repo": ".",
  "rule": "Generic Credential",
  "commitMessage": "Initial Commit\n",
  "author": "Dylan Katz",
  "email": "git@dylankatz.com",
  "file": "cloud/.tugboat",
  "date": "2019-11-06T21:56:54-08:00",
  "tags": "key, API, generic"
 },
 {
  "line": "  api_key: 3b6311afca5bd8aac647b316704e9c6d",
  "offender": "api_key: 3b6311afca5bd8aac647b316704e9c6d",
  "commit": "903a9caba59d2514ca1aab7129fece6be3b9b849",
  "repo": ".",
  "rule": "Generic Credential",
  "commitMessage": "Initial Commit\n",
  "author": "Dylan Katz",
  "email": "git@dylankatz.com",
  "file": "cloud/.tugboat",
  "date": "2019-11-06T21:56:54-08:00",
  "tags": "key, API, generic"
 },
 {
  "line": "      \"HEROKU_API_KEY\": \"7a2f9a4289e530bef6dbf31f4cbf63d5\"",
  "offender": "API_KEY\": \"7a2f9a4289e530bef6dbf31f4cbf63d5",
  "commit": "903a9caba59d2514ca1aab7129fece6be3b9b849",
  "repo": ".",
  "rule": "Generic Credential",
  "commitMessage": "Initial Commit\n",
  "author": "Dylan Katz",
  "email": "git@dylankatz.com",
  "file": "cloud/heroku.json",
  "date": "2019-11-06T21:56:54-08:00",
  "tags": "key, API, generic"
 },
 {
  "line": "\t\t\t\u003cPass encoding=\"base64\"\u003eNjllNWU5ZWMwZDU0MmU5Y2QwOTY4MWM5YzZhMDdkYWVmNjg3OWE3MDMzM2Q4MWJmCg==\u003c/Pass\u003e",
  "offender": "Pass encoding=\"base64\"\u003eNjllNWU5ZWMwZDU0MmU5Y2QwOTY4MWM5YzZhMDdkYWVmNj",
  "commit": "903a9caba59d2514ca1aab7129fece6be3b9b849",
  "repo": ".",
  "rule": "Generic Credential",
  "commitMessage": "Initial Commit\n",
  "author": "Dylan Katz",
  "email": "git@dylankatz.com",
  "file": "filezilla/recentservers.xml",
  "date": "2019-11-06T21:56:54-08:00",
  "tags": "key, API, generic"
 },
 {
  "line": "OyrnNP7IEHYxOpBshZamatPwpOkq4nSbryEOl+PU+OPOeb9MzOjfnREbvPNOVOfB",
  "offender": "PwpOkq4nSbryEOl+PU+OPOeb9MzOjfnREbvPNOVOfB",
  "commit": "903a9caba59d2514ca1aab7129fece6be3b9b849",
  "repo": ".",
  "rule": "Generic Credential",
  "commitMessage": "Initial Commit\n",
  "author": "Dylan Katz",
  "email": "git@dylankatz.com",
  "file": "misc-keys/cert-example.pem",
  "date": "2019-11-06T21:56:54-08:00",
  "tags": "key, API, generic"
 },
 {
  "line": "-----BEGIN PRIVATE KEY-----",
  "offender": "-----BEGIN PRIVATE KEY-----",
  "commit": "903a9caba59d2514ca1aab7129fece6be3b9b849",
  "repo": ".",
  "rule": "Asymmetric Private Key",
  "commitMessage": "Initial Commit\n",
  "author": "Dylan Katz",
  "email": "git@dylankatz.com",
  "file": "misc-keys/cert-key.pem",
  "date": "2019-11-06T21:56:54-08:00",
  "tags": "key, AsymmetricPrivateKey"
 },
 {
  "line": "udGo7tH1pW+6OOdwdm4iUxTEU5VVt4xDGZBR302odBQBMWsP5w0LZePTIoWa1/Li",
  "offender": "pW+6OOdwdm4iUxTEU5VVt4xDGZBR302odBQBMWsP5w0LZePTIoWa1",
  "commit": "903a9caba59d2514ca1aab7129fece6be3b9b849",
  "repo": ".",
  "rule": "Generic Credential",
  "commitMessage": "Initial Commit\n",
  "author": "Dylan Katz",
  "email": "git@dylankatz.com",
  "file": "misc-keys/cert-key.pem",
  "date": "2019-11-06T21:56:54-08:00",
  "tags": "key, API, generic"
 },
 {
  "line": "Kaf7+TYallpLIs/yZPepWutwxXjKBleUvxwr6LJjwQKBgQDnp936Mzm9fGPrBOIv",
  "offender": "pWutwxXjKBleUvxwr6LJjwQKBgQDnp936Mzm9fGPrBOIv",
  "commit": "903a9caba59d2514ca1aab7129fece6be3b9b849",
  "repo": ".",
  "rule": "Generic Credential",
  "commitMessage": "Initial Commit\n",
  "author": "Dylan Katz",
  "email": "git@dylankatz.com",
  "file": "misc-keys/cert-key.pem",
  "date": "2019-11-06T21:56:54-08:00",
  "tags": "key, API, generic"
 },
 {
  "line": "SIQvjvJsZ18FuQxezel/QmpzKNIN7g50Kfm1OCwpWhSa+JxvEi5S2rGKLpevcF/X",
  "offender": "pWhSa+JxvEi5S2rGKLpevcF",
  "commit": "903a9caba59d2514ca1aab7129fece6be3b9b849",
  "repo": ".",
  "rule": "Generic Credential",
  "commitMessage": "Initial Commit\n",
  "author": "Dylan Katz",
  "email": "git@dylankatz.com",
  "file": "misc-keys/cert-key.pem",
  "date": "2019-11-06T21:56:54-08:00",
  "tags": "key, API, generic"
 },
 {
  "line": "AdminPassword=AdminPassword123",
  "offender": "Password=AdminPassword123",
  "commit": "903a9caba59d2514ca1aab7129fece6be3b9b849",
  "repo": ".",
  "rule": "Generic Credential",
  "commitMessage": "Initial Commit\n",
  "author": "Dylan Katz",
  "email": "git@dylankatz.com",
  "file": "ventrilo_srv.ini",
  "date": "2019-11-06T21:56:54-08:00",
  "tags": "key, API, generic"
 },
 {
  "line": "        'NAME': 'django.contrib.auth.password_validation.UserAttributeSimilarityValidator',",
  "offender": "password_validation.UserAttributeSimilarityValidator",
  "commit": "903a9caba59d2514ca1aab7129fece6be3b9b849",
  "repo": ".",
  "rule": "Generic Credential",
  "commitMessage": "Initial Commit\n",
  "author": "Dylan Katz",
  "email": "git@dylankatz.com",
  "file": "web/django/settings.py",
  "date": "2019-11-06T21:56:54-08:00",
  "tags": "key, API, generic"
 },
 {
  "line": "        'NAME': 'django.contrib.auth.password_validation.MinimumLengthValidator',",
  "offender": "password_validation.MinimumLengthValidator",
  "commit": "903a9caba59d2514ca1aab7129fece6be3b9b849",
  "repo": ".",
  "rule": "Generic Credential",
  "commitMessage": "Initial Commit\n",
  "author": "Dylan Katz",
  "email": "git@dylankatz.com",
  "file": "web/django/settings.py",
  "date": "2019-11-06T21:56:54-08:00",
  "tags": "key, API, generic"
 },
 {
  "line": "        'NAME': 'django.contrib.auth.password_validation.CommonPasswordValidator',",
  "offender": "password_validation.CommonPasswordValidator",
  "commit": "903a9caba59d2514ca1aab7129fece6be3b9b849",
  "repo": ".",
  "rule": "Generic Credential",
  "commitMessage": "Initial Commit\n",
  "author": "Dylan Katz",
  "email": "git@dylankatz.com",
  "file": "web/django/settings.py",
  "date": "2019-11-06T21:56:54-08:00",
  "tags": "key, API, generic"
 },
 {
  "line": "        'NAME': 'django.contrib.auth.password_validation.NumericPasswordValidator',",
  "offender": "password_validation.NumericPasswordValidator",
  "commit": "903a9caba59d2514ca1aab7129fece6be3b9b849",
  "repo": ".",
  "rule": "Generic Credential",
  "commitMessage": "Initial Commit\n",
  "author": "Dylan Katz",
  "email": "git@dylankatz.com",
  "file": "web/django/settings.py",
  "date": "2019-11-06T21:56:54-08:00",
  "tags": "key, API, generic"
 },
 {
  "line": "  secret_key_base: e0ec946fcefea5ce0d4d924f3c8db11dffeb7d10b320a69133c47a9641ab7d204d22c94f10c1ce1e187c643805fec5b2d2ba322c17bac533c110e6c6378ba84c",
  "offender": "secret_key_base: e0ec946fcefea5ce0d4d924f3c8db11dffeb7d10b320a69133c47a",
  "commit": "903a9caba59d2514ca1aab7129fece6be3b9b849",
  "repo": ".",
  "rule": "Generic Credential",
  "commitMessage": "Initial Commit\n",
  "author": "Dylan Katz",
  "email": "git@dylankatz.com",
  "file": "web/ruby/secrets.yml",
  "date": "2019-11-06T21:56:54-08:00",
  "tags": "key, API, generic"
 },
 {
  "line": "  secret_key_base: 96dc2e349b1236b9e5915f1526b5e28e19a6557a88026007632c6c11da7cb5952ae55c520eb0d6fa78b972cbe8e855887f539edea5f969636792e54469e3c96e",
  "offender": "secret_key_base: 96dc2e349b1236b9e5915f1526b5e28e19a6557a88026007632c6c",
  "commit": "903a9caba59d2514ca1aab7129fece6be3b9b849",
  "repo": ".",
  "rule": "Generic Credential",
  "commitMessage": "Initial Commit\n",
  "author": "Dylan Katz",
  "email": "git@dylankatz.com",
  "file": "web/ruby/secrets.yml",
  "date": "2019-11-06T21:56:54-08:00",
  "tags": "key, API, generic"
 },
 {
  "line": "  secret_key_base: 8969518770d7484053e72f09c7bd37995d79c320e618ce3ec7a44b7c43fafff1615622a01513789bff7ac7a5201c6382bb6851632c8aa63e76bf0f0a01ed0e1",
  "offender": "secret_key_base: 8969518770d7484053e72f09c7bd37995d79c320e618ce3ec7a44b",
  "commit": "903a9caba59d2514ca1aab7129fece6be3b9b849",
  "repo": ".",
  "rule": "Generic Credential",
  "commitMessage": "Initial Commit\n",
  "author": "Dylan Katz",
  "email": "git@dylankatz.com",
  "file": "web/ruby/secrets.yml",
  "date": "2019-11-06T21:56:54-08:00",
  "tags": "key, API, generic"
 },
 {
  "line": "APP_KEY=base64:4StV8PVvCLC6gkJXgGdkYdlWW0suqjb2sj0QvDHx3Hsn",
  "offender": "KEY=base64:4StV8PVvCLC6gkJXgGdkYdlWW0suqjb2sj0QvDHx3Hsn",
  "commit": "903a9caba59d2514ca1aab7129fece6be3b9b849",
  "repo": ".",
  "rule": "Generic Credential",
  "commitMessage": "Initial Commit\n",
  "author": "Dylan Katz",
  "email": "git@dylankatz.com",
  "file": "web/var/www/.env",
  "date": "2019-11-06T21:56:54-08:00",
  "tags": "key, API, generic"
 },
 {
  "line": "export AWS_ACCESS_KEY_ID=yLryKGwcGc3ez9G8YAnjeYMQOc # Informative, can't be used w/o the secret key",
  "offender": "KEY_ID=yLryKGwcGc3ez9G8YAnjeYMQOc",
  "commit": "9f1468c79df2cf13c66041692ca7f044a27a874b",
  "repo": ".",
  "rule": "Generic Credential",
  "commitMessage": "Updated some secrets, flagged secrets as informative or risk\n\n",
  "author": "Dylan Katz",
  "email": "git@dylankatz.com",
  "file": ".bash_profile",
  "date": "2019-11-14T16:28:47-08:00",
  "tags": "key, API, generic"
 },
 {
  "line": "export AWS_ACCESS_KEY_ID=yLryKGwcGc3ez9G8YAnjeYMQOc",
  "offender": "KEY_ID=yLryKGwcGc3ez9G8YAnjeYMQOc",
  "commit": "9f1468c79df2cf13c66041692ca7f044a27a874b",
  "repo": ".",
  "rule": "Generic Credential",
  "commitMessage": "Updated some secrets, flagged secrets as informative or risk\n\n",
  "author": "Dylan Katz",
  "email": "git@dylankatz.com",
  "file": ".bash_profile",
  "date": "2019-11-14T16:28:47-08:00",
  "tags": "key, API, generic"
 },
 {
  "line": "aws_access_key_id = yLryKGwcGc3ez9G8YAnjeYMQOc # Informative, can't be used alone",
  "offender": "key_id = yLryKGwcGc3ez9G8YAnjeYMQOc",
  "commit": "9f1468c79df2cf13c66041692ca7f044a27a874b",
  "repo": ".",
  "rule": "Generic Credential",
  "commitMessage": "Updated some secrets, flagged secrets as informative or risk\n\n",
  "author": "Dylan Katz",
  "email": "git@dylankatz.com",
  "file": "cloud/.credentials",
  "date": "2019-11-14T16:28:47-08:00",
  "tags": "key, API, generic"
 },
 {
  "line": "aws_access_key_id = yLryKGwcGc3ez9G8YAnjeYMQOc",
  "offender": "key_id = yLryKGwcGc3ez9G8YAnjeYMQOc",
  "commit": "9f1468c79df2cf13c66041692ca7f044a27a874b",
  "repo": ".",
  "rule": "Generic Credential",
  "commitMessage": "Updated some secrets, flagged secrets as informative or risk\n\n",
  "author": "Dylan Katz",
  "email": "git@dylankatz.com",
  "file": "cloud/.credentials",
  "date": "2019-11-14T16:28:47-08:00",
  "tags": "key, API, generic"
 },
 {
  "line": "secret_key = yLryKGwcGc3ez9G8YAnjeYMQOc # Sensitive",
  "offender": "secret_key = yLryKGwcGc3ez9G8YAnjeYMQOc",
  "commit": "9f1468c79df2cf13c66041692ca7f044a27a874b",
  "repo": ".",
  "rule": "Generic Credential",
  "commitMessage": "Updated some secrets, flagged secrets as informative or risk\n\n",
  "author": "Dylan Katz",
  "email": "git@dylankatz.com",
  "file": "cloud/.s3cfg",
  "date": "2019-11-14T16:28:47-08:00",
  "tags": "key, API, generic"
 },
 {
  "line": "access_key = nAH2VzKrMrRjySLlt8HCdFU3tM2TUuUZgh39NX # Informative",
  "offender": "key = nAH2VzKrMrRjySLlt8HCdFU3tM2TUuUZgh39NX",
  "commit": "9f1468c79df2cf13c66041692ca7f044a27a874b",
  "repo": ".",
  "rule": "Generic Credential",
  "commitMessage": "Updated some secrets, flagged secrets as informative or risk\n\n",
  "author": "Dylan Katz",
  "email": "git@dylankatz.com",
  "file": "cloud/.s3cfg",
  "date": "2019-11-14T16:28:47-08:00",
  "tags": "key, API, generic"
 },
 {
  "line": "secret_key = yLryKGwcGc3ez9G8YAnjeYMQOc",
  "offender": "secret_key = yLryKGwcGc3ez9G8YAnjeYMQOc",
  "commit": "9f1468c79df2cf13c66041692ca7f044a27a874b",
  "repo": ".",
  "rule": "Generic Credential",
  "commitMessage": "Updated some secrets, flagged secrets as informative or risk\n\n",
  "author": "Dylan Katz",
  "email": "git@dylankatz.com",
  "file": "cloud/.s3cfg",
  "date": "2019-11-14T16:28:47-08:00",
  "tags": "key, API, generic"
 },
 {
  "line": "access_key = nAH2VzKrMrRjySLlt8HCdFU3tM2TUuUZgh39NX",
  "offender": "key = nAH2VzKrMrRjySLlt8HCdFU3tM2TUuUZgh39NX",
  "commit": "9f1468c79df2cf13c66041692ca7f044a27a874b",
  "repo": ".",
  "rule": "Generic Credential",
  "commitMessage": "Updated some secrets, flagged secrets as informative or risk\n\n",
  "author": "Dylan Katz",
  "email": "git@dylankatz.com",
  "file": "cloud/.s3cfg",
  "date": "2019-11-14T16:28:47-08:00",
  "tags": "key, API, generic"
 },
 {
  "line": "  client_key: 383c8164d4bdd95d8b1bfbf4f540d754 # Informative",
  "offender": "key: 383c8164d4bdd95d8b1bfbf4f540d754",
  "commit": "9f1468c79df2cf13c66041692ca7f044a27a874b",
  "repo": ".",
  "rule": "Generic Credential",
  "commitMessage": "Updated some secrets, flagged secrets as informative or risk\n\n",
  "author": "Dylan Katz",
  "email": "git@dylankatz.com",
  "file": "cloud/.tugboat",
  "date": "2019-11-14T16:28:47-08:00",
  "tags": "key, API, generic"
 },
 {
  "line": "  api_key: 3b6311afca5bd8aac647b316704e9c6d # Sensitive.",
  "offender": "api_key: 3b6311afca5bd8aac647b316704e9c6d",
  "commit": "9f1468c79df2cf13c66041692ca7f044a27a874b",
  "repo": ".",
  "rule": "Generic Credential",
  "commitMessage": "Updated some secrets, flagged secrets as informative or risk\n\n",
  "author": "Dylan Katz",
  "email": "git@dylankatz.com",
  "file": "cloud/.tugboat",
  "date": "2019-11-14T16:28:47-08:00",
  "tags": "key, API, generic"
 },
 {
  "line": "  client_key: 383c8164d4bdd95d8b1bfbf4f540d754",
  "offender": "key: 383c8164d4bdd95d8b1bfbf4f540d754",
  "commit": "9f1468c79df2cf13c66041692ca7f044a27a874b",
  "repo": ".",
  "rule": "Generic Credential",
  "commitMessage": "Updated some secrets, flagged secrets as informative or risk\n\n",
  "author": "Dylan Katz",
  "email": "git@dylankatz.com",
  "file": "cloud/.tugboat",
  "date": "2019-11-14T16:28:47-08:00",
  "tags": "key, API, generic"
 },
 {
  "line": "  api_key: 3b6311afca5bd8aac647b316704e9c6d",
  "offender": "api_key: 3b6311afca5bd8aac647b316704e9c6d",
  "commit": "9f1468c79df2cf13c66041692ca7f044a27a874b",
  "repo": ".",
  "rule": "Generic Credential",
  "commitMessage": "Updated some secrets, flagged secrets as informative or risk\n\n",
  "author": "Dylan Katz",
  "email": "git@dylankatz.com",
  "file": "cloud/.tugboat",
  "date": "2019-11-14T16:28:47-08:00",
  "tags": "key, API, generic"
 },
 {
  "line": "      \"sshUserPassword\" : \"roboMongoSSHPass\",",
  "offender": "Password\" : \"roboMongoSSHPass",
  "commit": "87473ecfcd1e67b408540a6ec021461856347df1",
  "repo": ".",
  "rule": "Generic Credential",
  "commitMessage": "Added robomongo password value\n\n",
  "author": "Dylan Katz",
  "email": "git@dylankatz.com",
  "file": "db/robomongo.json",
  "date": "2019-11-14T19:23:32-08:00",
  "tags": "key, API, generic"
 },
 {
  "line": "  api_key: 3b6311afca5bd8aac647b316704e9c6d # Risk.",
  "offender": "api_key: 3b6311afca5bd8aac647b316704e9c6d",
  "commit": "8c99112abc3f0aa2d8cc54bd8d459525f8c7cc9a",
  "repo": ".",
  "rule": "Generic Credential",
  "commitMessage": "Updated gitleaks, fixed up some EOL stuff\n",
  "author": "Dylan Katz",
  "email": "git@dylankatz.com",
  "file": "cloud/.tugboat",
  "date": "2020-02-29T18:26:39-08:00",
  "tags": "key, API, generic"
 },
 {
  "line": "  api_key: 3b6311afca5bd8aac647b316704e9c6d # Sensitive.",
  "offender": "api_key: 3b6311afca5bd8aac647b316704e9c6d",
  "commit": "8c99112abc3f0aa2d8cc54bd8d459525f8c7cc9a",
  "repo": ".",
  "rule": "Generic Credential",
  "commitMessage": "Updated gitleaks, fixed up some EOL stuff\n",
  "author": "Dylan Katz",
  "email": "git@dylankatz.com",
  "file": "cloud/.tugboat",
  "date": "2020-02-29T18:26:39-08:00",
  "tags": "key, API, generic"
 }
]
