<?xml version="1.0" encoding="utf-8"?>
<CxXMLResults DeepLink="https://checkmarx.company.com:443/CxWebClient/ViewerMain.aspx?scanid=11&amp;projectid=1" ScanStart="Monday, April 06, 2015 5:01:46 PM" Preset="Mobile" ScanTime="00h:02m:31s" LinesOfCodeScanned="23678" FilesScanned="284" ReportCreationTime="Monday, April 06, 2015 5:04:20 PM" Team="Example_Mobile" CheckmarxVersion="7.1.5 HF6" ScanComments="" ScanType="Full" SourceOrigin="GIT">
  <Query id="1601" cweId="359" name="Side_Channel_Data_Leakage" group="Java_Android" Severity="High">
    <Result NodeId="104010003" FileName="/src/main/java/com/company/app/services/dataManager/key/LoginKey.java" Status="Recurrent" Line="12" Column="26" FalsePositive="False" Severity="High" AssignToUser="" state="0" Remark="" DeepLink="https://checkmarx.company.com:443/CxWebClient/ViewerMain.aspx?scanid=11&amp;projectid=1&amp;pathid=1">
      <Path ResultId="10401" PathId="3" SimilarityId="1077616318">
        <PathNode>
          <FileName>/src/main/java/com/company/app/services/dataManager/key/LoginKey.java</FileName>
          <Line>12</Line>
          <Column>26</Column>
          <NodeId>1</NodeId>
          <Name>password</Name>
          <Type></Type>
          <Length>8</Length>
          <Snippet>
            <Line>
              <Number>12</Number>
              <Code>    private final String password;</Code>
            </Line>
          </Snippet>
        </PathNode>
        <PathNode>
          <FileName>/src/main/java/com/company/app/services/dataManager/key/LoginKey.java</FileName>
          <Line>50</Line>
          <Column>29</Column>
          <NodeId>2</NodeId>
          <Name>getClass</Name>
          <Type></Type>
          <Length>1</Length>
        </PathNode>
        <PathNode>
          <FileName>/src/main/java/com/company/app/services/dataManager/key/LoginKey.java</FileName>
          <Line>50</Line>
          <Column>39</Column>
          <NodeId>3</NodeId>
          <Name>getName</Name>
          <Type></Type>
          <Length>1</Length>
        </PathNode>
        <PathNode>
          <FileName>/src/main/java/com/company/app/services/dataManager/key/LoginKey.java</FileName>
          <Line>58</Line>
          <Column>79</Column>
          <NodeId>4</NodeId>
          <Name>getCacheKey</Name>
          <Type></Type>
          <Length>1</Length>
        </PathNode>
        <PathNode>
          <FileName>/src/main/java/com/company/app/services/dataManager/store/DataModel_Cache.java</FileName>
          <Line>58</Line>
          <Column>63</Column>
          <NodeId>5</NodeId>
          <Name>get</Name>
          <Type></Type>
          <Length>1</Length>
        </PathNode>
        <PathNode>
          <FileName>/src/main/java/com/company/app/services/dataManager/store/DataModel_Cache.java</FileName>
          <Line>58</Line>
          <Column>17</Column>
          <NodeId>6</NodeId>
          <Name>rValue</Name>
          <Type></Type>
          <Length>6</Length>
        </PathNode>
        <PathNode>
          <FileName>/src/main/java/com/company/app/services/dataManager/store/DataModel_Cache.java</FileName>
          <Line>61</Line>
          <Column>76</Column>
          <NodeId>7</NodeId>
          <Name>rValue</Name>
          <Type></Type>
          <Length>6</Length>
        </PathNode>
        <PathNode>
          <FileName>/src/main/java/com/company/app/services/dataManager/store/DataModel_Cache.java</FileName>
          <Line>93</Line>
          <Column>51</Column>
          <NodeId>8</NodeId>
          <Name>serviceResponse</Name>
          <Type></Type>
          <Length>15</Length>
        </PathNode>
        <PathNode>
          <FileName>/src/main/java/com/company/app/services/dataManager/store/DataModel_Cache.java</FileName>
          <Line>95</Line>
          <Column>53</Column>
          <NodeId>9</NodeId>
          <Name>value</Name>
          <Type></Type>
          <Length>1</Length>
          <Snippet>
            <Line>
              <Number>95</Number>
              <Code>        if(serviceResponse !=null &amp;&amp; serviceResponse.value instanceof SoftReference) {</Code>
            </Line>
          </Snippet>
        </PathNode>
      </Path>
    </Result>
    <Result NodeId="104010004" FileName="/src/main/java/com/company/app/services/dataManager/key/LoginKey.java" Status="Recurrent" Line="12" Column="26" FalsePositive="False" Severity="High" AssignToUser="" state="0" Remark="" DeepLink="https://checkmarx.company.com:443/CxWebClient/ViewerMain.aspx?scanid=11&amp;projectid=1&amp;pathid=4">
      <Path ResultId="10401" PathId="4" SimilarityId="1314445456">
        <PathNode>
          <FileName>/src/main/java/com/company/app/services/dataManager/key/LoginKey.java</FileName>
          <Line>12</Line>
          <Column>26</Column>
          <NodeId>1</NodeId>
          <Name>password</Name>
          <Type></Type>
          <Length>8</Length>
          <Snippet>
            <Line>
              <Number>12</Number>
              <Code>    private final String password;</Code>
            </Line>
          </Snippet>
        </PathNode>
        <PathNode>
          <FileName>/src/main/java/com/company/app/services/dataManager/key/LoginKey.java</FileName>
          <Line>50</Line>
          <Column>29</Column>
          <NodeId>2</NodeId>
          <Name>getClass</Name>
          <Type></Type>
          <Length>1</Length>
        </PathNode>
        <PathNode>
          <FileName>/src/main/java/com/company/app/services/dataManager/key/LoginKey.java</FileName>
          <Line>50</Line>
          <Column>39</Column>
          <NodeId>3</NodeId>
          <Name>getName</Name>
          <Type></Type>
          <Length>1</Length>
        </PathNode>
        <PathNode>
          <FileName>/src/main/java/com/company/app/services/dataManager/store/DataModel_Cache.java</FileName>
          <Line>58</Line>
          <Column>79</Column>
          <NodeId>4</NodeId>
          <Name>getCacheKey</Name>
          <Type></Type>
          <Length>1</Length>
        </PathNode>
        <PathNode>
          <FileName>/src/main/java/com/company/app/services/dataManager/store/DataModel_Cache.java</FileName>
          <Line>58</Line>
          <Column>63</Column>
          <NodeId>5</NodeId>
          <Name>get</Name>
          <Type></Type>
          <Length>1</Length>
        </PathNode>
        <PathNode>
          <FileName>/src/main/java/com/company/app/services/dataManager/store/DataModel_Cache.java</FileName>
          <Line>58</Line>
          <Column>17</Column>
          <NodeId>6</NodeId>
          <Name>rValue</Name>
          <Type></Type>
          <Length>6</Length>
        </PathNode>
        <PathNode>
          <FileName>/src/main/java/com/company/app/services/dataManager/store/DataModel_Cache.java</FileName>
          <Line>61</Line>
          <Column>76</Column>
          <NodeId>7</NodeId>
          <Name>rValue</Name>
          <Type></Type>
          <Length>6</Length>
        </PathNode>
        <PathNode>
          <FileName>/src/main/java/com/company/app/services/dataManager/store/DataModel_Cache.java</FileName>
          <Line>93</Line>
          <Column>51</Column>
          <NodeId>8</NodeId>
          <Name>serviceResponse</Name>
          <Type></Type>
          <Length>15</Length>
        </PathNode>
        <PathNode>
          <FileName>/src/main/java/com/company/app/services/dataManager/store/DataModel_Cache.java</FileName>
          <Line>96</Line>
          <Column>45</Column>
          <NodeId>9</NodeId>
          <Name>value</Name>
          <Type></Type>
          <Length>1</Length>
        </PathNode>
        <PathNode>
          <FileName>/src/main/java/com/company/app/services/dataManager/store/DataModel_Cache.java</FileName>
          <Line>96</Line>
          <Column>55</Column>
          <NodeId>10</NodeId>
          <Name>get</Name>
          <Type></Type>
          <Length>1</Length>
          <Snippet>
            <Line>
              <Number>96</Number>
              <Code>            Object wrapped = serviceResponse.value.get();</Code>
            </Line>
          </Snippet>
        </PathNode>
      </Path>
    </Result>
  </Query>
  <Query id="507" cweId="89" name="Dynamic_SQL_Queries" group="Java_Best_Coding_Practice" Severity="Information">
    <Result NodeId="104010068" FileName="/src/test/java/com/company/app/services/TestUtils.java" Status="Recurrent" Line="146" Column="62" FalsePositive="False" Severity="Information" AssignToUser="" state="0" Remark="" DeepLink="https://checkmarx.company.com:443/CxWebClient/ViewerMain.aspx?scanid=11&amp;projectid=1&amp;pathid=68">
      <Path ResultId="10401" PathId="68" SimilarityId="343009085">
        <PathNode>
          <FileName>/src/test/java/com/company/app/services/TestUtils.java</FileName>
          <Line>146</Line>
          <Column>62</Column>
          <NodeId>1</NodeId>
          <Name>tableName</Name>
          <Type></Type>
          <Length>9</Length>
          <Snippet>
            <Line>
              <Number>146</Number>
              <Code>        Cursor cursor = database.rawQuery("SELECT * FROM " + tableName,null);</Code>
            </Line>
          </Snippet>
        </PathNode>
        <PathNode>
          <FileName>/src/test/java/com/company/app/services/TestUtils.java</FileName>
          <Line>146</Line>
          <Column>60</Column>
          <NodeId>2</NodeId>
          <Name></Name>
          <Type></Type>
          <Length>1</Length>
          <Snippet>
            <Line>
              <Number>146</Number>
              <Code>        Cursor cursor = database.rawQuery("SELECT * FROM " + tableName,null);</Code>
            </Line>
          </Snippet>
        </PathNode>
      </Path>
    </Result>
  </Query>
</CxXMLResults>
