{
  "LayerCount": 9,
  "Vulnerabilities": {
    "High": [
      {
        "Name": "RHSA-2019:0109",
        "NamespaceName": "centos:7",
        "Description": "Perl is a high-level programming language that is commonly used for system administration utilities and web programming. Security Fies): * perl: Integer overflow leading to buffer overflow in Perl_my_setenv() (CVE-2018-18311) For more details about the security issue(s), including the impact, a CVSS score, and other related information, refer to the CVE page(s) listed in the References section. Red Hat would like to thank the Perl project for reporting this issue. Upstream acknowledges Jayakrishna Menon as the original reporter.",
        "Link": "https://access.redhat.com/errata/RHSA-2019:0109",
        "Severity": "High",
        "FixedBy": "4:5.16.3-294.el7_6",
        "FeatureName": "perl-libs",
        "FeatureVersion": "4:5.16.3-293.el7"
      },
      {
        "Name": "RHSA-2019:0109",
        "NamespaceName": "centos:7",
        "Description": "Perl is a high-level programming language that is commonly used for system administration utilities and web programming. Security Fies): * perl: Integer overflow leading to buffer overflow in Perl_my_setenv() (CVE-2018-18311) For more details about the security issue(s), including the impact, a CVSS score, and other related information, refer to the CVE page(s) listed in the References section. Red Hat would like to thank the Perl project for reporting this issue. Upstream acknowledges Jayakrishna Menon as the original reporter.",
        "Link": "https://access.redhat.com/errata/RHSA-2019:0109",
        "Severity": "High",
        "FixedBy": "1:1.04-294.el7_6",
        "FeatureName": "perl-Pod-Escapes",
        "FeatureVersion": "1:1.04-293.el7"
      },
      {
        "Name": "RHSA-2019:0049",
        "NamespaceName": "centos:7",
        "Description": "The systemd packages contain systemd, a system and service manager for Linux, compatible with the SysV and LSB init scripts. It provides aggressive parallelism capabilities, uses socket and D-Bus activation for starting services, offers on-demand starting of daemons, and keeps track of processes using Linux cgroups. In addition, it supports snapshotting and restoring of the system state, maintains mount and automount points, and implements an elaborate transactional dependency-based service control logic. It can also work as a drop-in replacement for sysvinit. Security Fies): * systemd: Out-of-bounds heap write in systemd-networkd dhcpv6 option handling (CVE-2018-15688) * systemd: stack overflow when calling syslog from a command with long cmdline (CVE-2018-16864) * systemd: stack overflow when receiving many journald entries (CVE-2018-16865) For more details about the security issue(s), including the impact, a CVSS score, and other related information, refer to the CVE page(s) listed in the References section. Red Hat would like to thank Ubuntu Security Team for reporting CVE-2018-15688 and Qualys Research Labs for reporting CVE-2018-16864 and CVE-2018-16865. Upstream acknowledges Felix Wilhelm (Google) as the original reporter of CVE-2018-15688.",
        "Link": "https://access.redhat.com/errata/RHSA-2019:0049",
        "Severity": "High",
        "FixedBy": "0:219-62.el7_6.2",
        "FeatureName": "systemd-libs",
        "FeatureVersion": "219-62.el7"
      },
      {
        "Name": "RHSA-2019:0109",
        "NamespaceName": "centos:7",
        "Description": "Perl is a high-level programming language that is commonly used for system administration utilities and web programming. Security Fies): * perl: Integer overflow leading to buffer overflow in Perl_my_setenv() (CVE-2018-18311) For more details about the security issue(s), including the impact, a CVSS score, and other related information, refer to the CVE page(s) listed in the References section. Red Hat would like to thank the Perl project for reporting this issue. Upstream acknowledges Jayakrishna Menon as the original reporter.",
        "Link": "https://access.redhat.com/errata/RHSA-2019:0109",
        "Severity": "High",
        "FixedBy": "4:5.16.3-294.el7_6",
        "FeatureName": "perl",
        "FeatureVersion": "4:5.16.3-293.el7"
      },
      {
        "Name": "RHSA-2019:0049",
        "NamespaceName": "centos:7",
        "Description": "The systemd packages contain systemd, a system and service manager for Linux, compatible with the SysV and LSB init scripts. It provides aggressive parallelism capabilities, uses socket and D-Bus activation for starting services, offers on-demand starting of daemons, and keeps track of processes using Linux cgroups. In addition, it supports snapshotting and restoring of the system state, maintains mount and automount points, and implements an elaborate transactional dependency-based service control logic. It can also work as a drop-in replacement for sysvinit. Security Fies): * systemd: Out-of-bounds heap write in systemd-networkd dhcpv6 option handling (CVE-2018-15688) * systemd: stack overflow when calling syslog from a command with long cmdline (CVE-2018-16864) * systemd: stack overflow when receiving many journald entries (CVE-2018-16865) For more details about the security issue(s), including the impact, a CVSS score, and other related information, refer to the CVE page(s) listed in the References section. Red Hat would like to thank Ubuntu Security Team for reporting CVE-2018-15688 and Qualys Research Labs for reporting CVE-2018-16864 and CVE-2018-16865. Upstream acknowledges Felix Wilhelm (Google) as the original reporter of CVE-2018-15688.",
        "Link": "https://access.redhat.com/errata/RHSA-2019:0049",
        "Severity": "High",
        "FixedBy": "0:219-62.el7_6.2",
        "FeatureName": "systemd",
        "FeatureVersion": "219-62.el7"
      },
      {
        "Name": "RHSA-2019:0109",
        "NamespaceName": "centos:7",
        "Description": "Perl is a high-level programming language that is commonly used for system administration utilities and web programming. Security Fies): * perl: Integer overflow leading to buffer overflow in Perl_my_setenv() (CVE-2018-18311) For more details about the security issue(s), including the impact, a CVSS score, and other related information, refer to the CVE page(s) listed in the References section. Red Hat would like to thank the Perl project for reporting this issue. Upstream acknowledges Jayakrishna Menon as the original reporter.",
        "Link": "https://access.redhat.com/errata/RHSA-2019:0109",
        "Severity": "High",
        "FixedBy": "4:5.16.3-294.el7_6",
        "FeatureName": "perl-macros",
        "FeatureVersion": "4:5.16.3-293.el7"
      }
    ]
  }
}