{
    "imageDigest": "sha256:acf7493b18250b85e7e1cfec03c720e395adf11353971bff0a915949c2304855",
    "vulnerabilities": [
        {
            "feed": "vulnerabilities",
            "feed_group": "debian:9",
            "fix": "None",
            "package": "apt-1.4.9",
            "package_cpe": "None",
            "package_name": "apt",
            "package_path": "None",
            "package_type": "dpkg",
            "package_version": "1.4.9",
            "severity": "Negligible",
            "url": "https://security-tracker.debian.org/tracker/CVE-2011-3374",
            "vuln": "CVE-2011-3374"
        },
        {
            "feed": "vulnerabilities",
            "feed_group": "debian:9",
            "fix": "None",
            "package": "coreutils-8.26-3",
            "package_cpe": "None",
            "package_name": "coreutils",
            "package_path": "None",
            "package_type": "dpkg",
            "package_version": "8.26-3",
            "severity": "Negligible",
            "url": "https://security-tracker.debian.org/tracker/CVE-2017-18018",
            "vuln": "CVE-2017-18018"
        },
        {
            "feed": "vulnerabilities",
            "feed_group": "debian:9",
            "fix": "None",
            "package": "git-1:2.11.0-3+deb9u4",
            "package_cpe": "None",
            "package_name": "git",
            "package_path": "None",
            "package_type": "dpkg",
            "package_version": "1:2.11.0-3+deb9u4",
            "severity": "Negligible",
            "url": "https://security-tracker.debian.org/tracker/CVE-2017-15298",
            "vuln": "CVE-2017-15298"
        },
        {
            "feed": "vulnerabilities",
            "feed_group": "debian:9",
            "fix": "None",
            "package": "git-1:2.11.0-3+deb9u4",
            "package_cpe": "None",
            "package_name": "git",
            "package_path": "None",
            "package_type": "dpkg",
            "package_version": "1:2.11.0-3+deb9u4",
            "severity": "Negligible",
            "url": "https://security-tracker.debian.org/tracker/CVE-2018-1000021",
            "vuln": "CVE-2018-1000021"
        },
        {
            "feed": "vulnerabilities",
            "feed_group": "debian:9",
            "fix": "None",
            "package": "git-man-1:2.11.0-3+deb9u4",
            "package_cpe": "None",
            "package_name": "git-man",
            "package_path": "None",
            "package_type": "dpkg",
            "package_version": "1:2.11.0-3+deb9u4",
            "severity": "Negligible",
            "url": "https://security-tracker.debian.org/tracker/CVE-2017-15298",
            "vuln": "CVE-2017-15298"
        },
        {
            "feed": "vulnerabilities",
            "feed_group": "debian:9",
            "fix": "None",
            "package": "git-man-1:2.11.0-3+deb9u4",
            "package_cpe": "None",
            "package_name": "git-man",
            "package_path": "None",
            "package_type": "dpkg",
            "package_version": "1:2.11.0-3+deb9u4",
            "severity": "Negligible",
            "url": "https://security-tracker.debian.org/tracker/CVE-2018-1000021",
            "vuln": "CVE-2018-1000021"
        },
        {
            "feed": "vulnerabilities",
            "feed_group": "debian:9",
            "fix": "None",
            "package": "libapt-pkg5.0-1.4.9",
            "package_cpe": "None",
            "package_name": "libapt-pkg5.0",
            "package_path": "None",
            "package_type": "dpkg",
            "package_version": "1.4.9",
            "severity": "Negligible",
            "url": "https://security-tracker.debian.org/tracker/CVE-2011-3374",
            "vuln": "CVE-2011-3374"
        },
        {
            "feed": "vulnerabilities",
            "feed_group": "debian:9",
            "fix": "None",
            "package": "libavahi-client3-0.6.32-2",
            "package_cpe": "None",
            "package_name": "libavahi-client3",
            "package_path": "None",
            "package_type": "dpkg",
            "package_version": "0.6.32-2",
            "severity": "Negligible",
            "url": "https://security-tracker.debian.org/tracker/CVE-2017-6519",
            "vuln": "CVE-2017-6519"
        },
        {
            "feed": "vulnerabilities",
            "feed_group": "debian:9",
            "fix": "None",
            "package": "libavahi-common3-0.6.32-2",
            "package_cpe": "None",
            "package_name": "libavahi-common3",
            "package_path": "None",
            "package_type": "dpkg",
            "package_version": "0.6.32-2",
            "severity": "Negligible",
            "url": "https://security-tracker.debian.org/tracker/CVE-2017-6519",
            "vuln": "CVE-2017-6519"
        },
        {
            "feed": "vulnerabilities",
            "feed_group": "debian:9",
            "fix": "None",
            "package": "libavahi-common-data-0.6.32-2",
            "package_cpe": "None",
            "package_name": "libavahi-common-data",
            "package_path": "None",
            "package_type": "dpkg",
            "package_version": "0.6.32-2",
            "severity": "Negligible",
            "url": "https://security-tracker.debian.org/tracker/CVE-2017-6519",
            "vuln": "CVE-2017-6519"
        },
        {
            "feed": "vulnerabilities",
            "feed_group": "debian:9",
            "fix": "None",
            "package": "libc6-2.24-11+deb9u4",
            "package_cpe": "None",
            "package_name": "libc6",
            "package_path": "None",
            "package_type": "dpkg",
            "package_version": "2.24-11+deb9u4",
            "severity": "Negligible",
            "url": "https://security-tracker.debian.org/tracker/CVE-2010-4051",
            "vuln": "CVE-2010-4051"
        },
        {
            "feed": "vulnerabilities",
            "feed_group": "debian:9",
            "fix": "None",
            "package": "libc6-2.24-11+deb9u4",
            "package_cpe": "None",
            "package_name": "libc6",
            "package_path": "None",
            "package_type": "dpkg",
            "package_version": "2.24-11+deb9u4",
            "severity": "Negligible",
            "url": "https://security-tracker.debian.org/tracker/CVE-2010-4052",
            "vuln": "CVE-2010-4052"
        },
        {
            "feed": "vulnerabilities",
            "feed_group": "debian:9",
            "fix": "None",
            "package": "libc6-2.24-11+deb9u4",
            "package_cpe": "None",
            "package_name": "libc6",
            "package_path": "None",
            "package_type": "dpkg",
            "package_version": "2.24-11+deb9u4",
            "severity": "Negligible",
            "url": "https://security-tracker.debian.org/tracker/CVE-2010-4756",
            "vuln": "CVE-2010-4756"
        },
        {
            "feed": "vulnerabilities",
            "feed_group": "debian:9",
            "fix": "None",
            "package": "libc6-2.24-11+deb9u4",
            "package_cpe": "None",
            "package_name": "libc6",
            "package_path": "None",
            "package_type": "dpkg",
            "package_version": "2.24-11+deb9u4",
            "severity": "Negligible",
            "url": "https://security-tracker.debian.org/tracker/CVE-2015-8985",
            "vuln": "CVE-2015-8985"
        },
        {
            "feed": "vulnerabilities",
            "feed_group": "debian:9",
            "fix": "None",
            "package": "libc6-2.24-11+deb9u4",
            "package_cpe": "None",
            "package_name": "libc6",
            "package_path": "None",
            "package_type": "dpkg",
            "package_version": "2.24-11+deb9u4",
            "severity": "Negligible",
            "url": "https://security-tracker.debian.org/tracker/CVE-2018-20796",
            "vuln": "CVE-2018-20796"
        },
        {
            "feed": "vulnerabilities",
            "feed_group": "debian:9",
            "fix": "None",
            "package": "libc6-2.24-11+deb9u4",
            "package_cpe": "None",
            "package_name": "libc6",
            "package_path": "None",
            "package_type": "dpkg",
            "package_version": "2.24-11+deb9u4",
            "severity": "Negligible",
            "url": "https://security-tracker.debian.org/tracker/CVE-2019-6488",
            "vuln": "CVE-2019-6488"
        },
        {
            "feed": "vulnerabilities",
            "feed_group": "debian:9",
            "fix": "None",
            "package": "libc6-2.24-11+deb9u4",
            "package_cpe": "None",
            "package_name": "libc6",
            "package_path": "None",
            "package_type": "dpkg",
            "package_version": "2.24-11+deb9u4",
            "severity": "Negligible",
            "url": "https://security-tracker.debian.org/tracker/CVE-2019-7309",
            "vuln": "CVE-2019-7309"
        },
        {
            "feed": "vulnerabilities",
            "feed_group": "debian:9",
            "fix": "None",
            "package": "libc6-2.24-11+deb9u4",
            "package_cpe": "None",
            "package_name": "libc6",
            "package_path": "None",
            "package_type": "dpkg",
            "package_version": "2.24-11+deb9u4",
            "severity": "Negligible",
            "url": "https://security-tracker.debian.org/tracker/CVE-2019-9192",
            "vuln": "CVE-2019-9192"
        },
        {
            "feed": "vulnerabilities",
            "feed_group": "debian:9",
            "fix": "None",
            "package": "libc-bin-2.24-11+deb9u4",
            "package_cpe": "None",
            "package_name": "libc-bin",
            "package_path": "None",
            "package_type": "dpkg",
            "package_version": "2.24-11+deb9u4",
            "severity": "Negligible",
            "url": "https://security-tracker.debian.org/tracker/CVE-2010-4051",
            "vuln": "CVE-2010-4051"
        },
        {
            "feed": "vulnerabilities",
            "feed_group": "debian:9",
            "fix": "None",
            "package": "libc-bin-2.24-11+deb9u4",
            "package_cpe": "None",
            "package_name": "libc-bin",
            "package_path": "None",
            "package_type": "dpkg",
            "package_version": "2.24-11+deb9u4",
            "severity": "Negligible",
            "url": "https://security-tracker.debian.org/tracker/CVE-2010-4052",
            "vuln": "CVE-2010-4052"
        },
        {
            "feed": "vulnerabilities",
            "feed_group": "debian:9",
            "fix": "None",
            "package": "libc-bin-2.24-11+deb9u4",
            "package_cpe": "None",
            "package_name": "libc-bin",
            "package_path": "None",
            "package_type": "dpkg",
            "package_version": "2.24-11+deb9u4",
            "severity": "Negligible",
            "url": "https://security-tracker.debian.org/tracker/CVE-2010-4756",
            "vuln": "CVE-2010-4756"
        },
        {
            "feed": "vulnerabilities",
            "feed_group": "debian:9",
            "fix": "None",
            "package": "libc-bin-2.24-11+deb9u4",
            "package_cpe": "None",
            "package_name": "libc-bin",
            "package_path": "None",
            "package_type": "dpkg",
            "package_version": "2.24-11+deb9u4",
            "severity": "Negligible",
            "url": "https://security-tracker.debian.org/tracker/CVE-2015-8985",
            "vuln": "CVE-2015-8985"
        },
        {
            "feed": "vulnerabilities",
            "feed_group": "debian:9",
            "fix": "None",
            "package": "libc-bin-2.24-11+deb9u4",
            "package_cpe": "None",
            "package_name": "libc-bin",
            "package_path": "None",
            "package_type": "dpkg",
            "package_version": "2.24-11+deb9u4",
            "severity": "Negligible",
            "url": "https://security-tracker.debian.org/tracker/CVE-2018-20796",
            "vuln": "CVE-2018-20796"
        },
        {
            "feed": "vulnerabilities",
            "feed_group": "debian:9",
            "fix": "None",
            "package": "libc-bin-2.24-11+deb9u4",
            "package_cpe": "None",
            "package_name": "libc-bin",
            "package_path": "None",
            "package_type": "dpkg",
            "package_version": "2.24-11+deb9u4",
            "severity": "Negligible",
            "url": "https://security-tracker.debian.org/tracker/CVE-2019-6488",
            "vuln": "CVE-2019-6488"
        },
        {
            "feed": "vulnerabilities",
            "feed_group": "debian:9",
            "fix": "None",
            "package": "libc-bin-2.24-11+deb9u4",
            "package_cpe": "None",
            "package_name": "libc-bin",
            "package_path": "None",
            "package_type": "dpkg",
            "package_version": "2.24-11+deb9u4",
            "severity": "Negligible",
            "url": "https://security-tracker.debian.org/tracker/CVE-2019-7309",
            "vuln": "CVE-2019-7309"
        },
        {
            "feed": "vulnerabilities",
            "feed_group": "debian:9",
            "fix": "None",
            "package": "libc-bin-2.24-11+deb9u4",
            "package_cpe": "None",
            "package_name": "libc-bin",
            "package_path": "None",
            "package_type": "dpkg",
            "package_version": "2.24-11+deb9u4",
            "severity": "Negligible",
            "url": "https://security-tracker.debian.org/tracker/CVE-2019-9192",
            "vuln": "CVE-2019-9192"
        },
        {
            "feed": "vulnerabilities",
            "feed_group": "debian:9",
            "fix": "None",
            "package": "libcups2-2.2.1-8+deb9u3",
            "package_cpe": "None",
            "package_name": "libcups2",
            "package_path": "None",
            "package_type": "dpkg",
            "package_version": "2.2.1-8+deb9u3",
            "severity": "Negligible",
            "url": "https://security-tracker.debian.org/tracker/CVE-2014-8166",
            "vuln": "CVE-2014-8166"
        },
        {
            "feed": "vulnerabilities",
            "feed_group": "debian:9",
            "fix": "None",
            "package": "libelf1-0.168-1",
            "package_cpe": "None",
            "package_name": "libelf1",
            "package_path": "None",
            "package_type": "dpkg",
            "package_version": "0.168-1",
            "severity": "Negligible",
            "url": "https://security-tracker.debian.org/tracker/CVE-2019-7148",
            "vuln": "CVE-2019-7148"
        },
        {
            "feed": "vulnerabilities",
            "feed_group": "debian:9",
            "fix": "None",
            "package": "libexpat1-2.2.0-2+deb9u1",
            "package_cpe": "None",
            "package_name": "libexpat1",
            "package_path": "None",
            "package_type": "dpkg",
            "package_version": "2.2.0-2+deb9u1",
            "severity": "Negligible",
            "url": "https://security-tracker.debian.org/tracker/CVE-2013-0340",
            "vuln": "CVE-2013-0340"
        },
        {
            "feed": "vulnerabilities",
            "feed_group": "debian:9",
            "fix": "None",
            "package": "libgcrypt20-1.7.6-2+deb9u3",
            "package_cpe": "None",
            "package_name": "libgcrypt20",
            "package_path": "None",
            "package_type": "dpkg",
            "package_version": "1.7.6-2+deb9u3",
            "severity": "Negligible",
            "url": "https://security-tracker.debian.org/tracker/CVE-2018-6829",
            "vuln": "CVE-2018-6829"
        },
        {
            "feed": "vulnerabilities",
            "feed_group": "debian:9",
            "fix": "None",
            "package": "libgdk-pixbuf2.0-0-2.36.5-2+deb9u2",
            "package_cpe": "None",
            "package_name": "libgdk-pixbuf2.0-0",
            "package_path": "None",
            "package_type": "dpkg",
            "package_version": "2.36.5-2+deb9u2",
            "severity": "Negligible",
            "url": "https://security-tracker.debian.org/tracker/CVE-2017-2870",
            "vuln": "CVE-2017-2870"
        },
        {
            "feed": "vulnerabilities",
            "feed_group": "debian:9",
            "fix": "None",
            "package": "libgdk-pixbuf2.0-0-2.36.5-2+deb9u2",
            "package_cpe": "None",
            "package_name": "libgdk-pixbuf2.0-0",
            "package_path": "None",
            "package_type": "dpkg",
            "package_version": "2.36.5-2+deb9u2",
            "severity": "Negligible",
            "url": "https://security-tracker.debian.org/tracker/CVE-2017-6311",
            "vuln": "CVE-2017-6311"
        },
        {
            "feed": "vulnerabilities",
            "feed_group": "debian:9",
            "fix": "None",
            "package": "libgdk-pixbuf2.0-common-2.36.5-2+deb9u2",
            "package_cpe": "None",
            "package_name": "libgdk-pixbuf2.0-common",
            "package_path": "None",
            "package_type": "dpkg",
            "package_version": "2.36.5-2+deb9u2",
            "severity": "Negligible",
            "url": "https://security-tracker.debian.org/tracker/CVE-2017-2870",
            "vuln": "CVE-2017-2870"
        },
        {
            "feed": "vulnerabilities",
            "feed_group": "debian:9",
            "fix": "None",
            "package": "libgdk-pixbuf2.0-common-2.36.5-2+deb9u2",
            "package_cpe": "None",
            "package_name": "libgdk-pixbuf2.0-common",
            "package_path": "None",
            "package_type": "dpkg",
            "package_version": "2.36.5-2+deb9u2",
            "severity": "Negligible",
            "url": "https://security-tracker.debian.org/tracker/CVE-2017-6311",
            "vuln": "CVE-2017-6311"
        },
        {
            "feed": "vulnerabilities",
            "feed_group": "debian:9",
            "fix": "None",
            "package": "libgif7-5.1.4-0.4",
            "package_cpe": "None",
            "package_name": "libgif7",
            "package_path": "None",
            "package_type": "dpkg",
            "package_version": "5.1.4-0.4",
            "severity": "Negligible",
            "url": "https://security-tracker.debian.org/tracker/CVE-2016-3177",
            "vuln": "CVE-2016-3177"
        },
        {
            "feed": "vulnerabilities",
            "feed_group": "debian:9",
            "fix": "None",
            "package": "libglib2.0-0-2.50.3-2",
            "package_cpe": "None",
            "package_name": "libglib2.0-0",
            "package_path": "None",
            "package_type": "dpkg",
            "package_version": "2.50.3-2",
            "severity": "Negligible",
            "url": "https://security-tracker.debian.org/tracker/CVE-2012-0039",
            "vuln": "CVE-2012-0039"
        },
        {
            "feed": "vulnerabilities",
            "feed_group": "debian:9",
            "fix": "None",
            "package": "libgnutls30-3.5.8-5+deb9u4",
            "package_cpe": "None",
            "package_name": "libgnutls30",
            "package_path": "None",
            "package_type": "dpkg",
            "package_version": "3.5.8-5+deb9u4",
            "severity": "Medium",
            "url": "https://security-tracker.debian.org/tracker/CVE-2011-3389",
            "vuln": "CVE-2011-3389"
        },
        {
            "feed": "vulnerabilities",
            "feed_group": "debian:9",
            "fix": "None",
            "package": "libgnutls30-3.5.8-5+deb9u4",
            "package_cpe": "None",
            "package_name": "libgnutls30",
            "package_path": "None",
            "package_type": "dpkg",
            "package_version": "3.5.8-5+deb9u4",
            "severity": "Low",
            "url": "https://security-tracker.debian.org/tracker/CVE-2018-16868",
            "vuln": "CVE-2018-16868"
        },
        {
            "feed": "vulnerabilities",
            "feed_group": "debian:9",
            "fix": "None",
            "package": "libgnutls30-3.5.8-5+deb9u4",
            "package_cpe": "None",
            "package_name": "libgnutls30",
            "package_path": "None",
            "package_type": "dpkg",
            "package_version": "3.5.8-5+deb9u4",
            "severity": "Medium",
            "url": "https://security-tracker.debian.org/tracker/CVE-2019-3829",
            "vuln": "CVE-2019-3829"
        },
        {
            "feed": "vulnerabilities",
            "feed_group": "debian:9",
            "fix": "None",
            "package": "libgnutls30-3.5.8-5+deb9u4",
            "package_cpe": "None",
            "package_name": "libgnutls30",
            "package_path": "None",
            "package_type": "dpkg",
            "package_version": "3.5.8-5+deb9u4",
            "severity": "Medium",
            "url": "https://security-tracker.debian.org/tracker/CVE-2019-3836",
            "vuln": "CVE-2019-3836"
        },
        {
            "feed": "vulnerabilities",
            "feed_group": "debian:9",
            "fix": "None",
            "package": "libgssapi-krb5-2-1.15-1+deb9u1",
            "package_cpe": "None",
            "package_name": "libgssapi-krb5-2",
            "package_path": "None",
            "package_type": "dpkg",
            "package_version": "1.15-1+deb9u1",
            "severity": "Negligible",
            "url": "https://security-tracker.debian.org/tracker/CVE-2004-0971",
            "vuln": "CVE-2004-0971"
        },
        {
            "feed": "vulnerabilities",
            "feed_group": "debian:9",
            "fix": "None",
            "package": "libgssapi-krb5-2-1.15-1+deb9u1",
            "package_cpe": "None",
            "package_name": "libgssapi-krb5-2",
            "package_path": "None",
            "package_type": "dpkg",
            "package_version": "1.15-1+deb9u1",
            "severity": "Negligible",
            "url": "https://security-tracker.debian.org/tracker/CVE-2017-15088",
            "vuln": "CVE-2017-15088"
        },
        {
            "feed": "vulnerabilities",
            "feed_group": "debian:9",
            "fix": "None",
            "package": "libgssapi-krb5-2-1.15-1+deb9u1",
            "package_cpe": "None",
            "package_name": "libgssapi-krb5-2",
            "package_path": "None",
            "package_type": "dpkg",
            "package_version": "1.15-1+deb9u1",
            "severity": "Negligible",
            "url": "https://security-tracker.debian.org/tracker/CVE-2018-5709",
            "vuln": "CVE-2018-5709"
        },
        {
            "feed": "vulnerabilities",
            "feed_group": "debian:9",
            "fix": "None",
            "package": "libidn11-1.33-1",
            "package_cpe": "None",
            "package_name": "libidn11",
            "package_path": "None",
            "package_type": "dpkg",
            "package_version": "1.33-1",
            "severity": "High",
            "url": "https://security-tracker.debian.org/tracker/CVE-2017-14062",
            "vuln": "CVE-2017-14062"
        },
        {
            "feed": "vulnerabilities",
            "feed_group": "debian:9",
            "fix": "None",
            "package": "libjbig0-2.1-3.1+b2",
            "package_cpe": "None",
            "package_name": "libjbig0",
            "package_path": "None",
            "package_type": "dpkg",
            "package_version": "2.1-3.1+b2",
            "severity": "Negligible",
            "url": "https://security-tracker.debian.org/tracker/CVE-2017-9937",
            "vuln": "CVE-2017-9937"
        },
        {
            "feed": "vulnerabilities",
            "feed_group": "debian:9",
            "fix": "None",
            "package": "libk5crypto3-1.15-1+deb9u1",
            "package_cpe": "None",
            "package_name": "libk5crypto3",
            "package_path": "None",
            "package_type": "dpkg",
            "package_version": "1.15-1+deb9u1",
            "severity": "Negligible",
            "url": "https://security-tracker.debian.org/tracker/CVE-2004-0971",
            "vuln": "CVE-2004-0971"
        },
        {
            "feed": "vulnerabilities",
            "feed_group": "debian:9",
            "fix": "None",
            "package": "libk5crypto3-1.15-1+deb9u1",
            "package_cpe": "None",
            "package_name": "libk5crypto3",
            "package_path": "None",
            "package_type": "dpkg",
            "package_version": "1.15-1+deb9u1",
            "severity": "Negligible",
            "url": "https://security-tracker.debian.org/tracker/CVE-2017-15088",
            "vuln": "CVE-2017-15088"
        },
        {
            "feed": "vulnerabilities",
            "feed_group": "debian:9",
            "fix": "None",
            "package": "libk5crypto3-1.15-1+deb9u1",
            "package_cpe": "None",
            "package_name": "libk5crypto3",
            "package_path": "None",
            "package_type": "dpkg",
            "package_version": "1.15-1+deb9u1",
            "severity": "Negligible",
            "url": "https://security-tracker.debian.org/tracker/CVE-2018-5709",
            "vuln": "CVE-2018-5709"
        },
        {
            "feed": "vulnerabilities",
            "feed_group": "debian:9",
            "fix": "None",
            "package": "libkrb5-3-1.15-1+deb9u1",
            "package_cpe": "None",
            "package_name": "libkrb5-3",
            "package_path": "None",
            "package_type": "dpkg",
            "package_version": "1.15-1+deb9u1",
            "severity": "Negligible",
            "url": "https://security-tracker.debian.org/tracker/CVE-2004-0971",
            "vuln": "CVE-2004-0971"
        },
        {
            "feed": "vulnerabilities",
            "feed_group": "debian:9",
            "fix": "None",
            "package": "libkrb5-3-1.15-1+deb9u1",
            "package_cpe": "None",
            "package_name": "libkrb5-3",
            "package_path": "None",
            "package_type": "dpkg",
            "package_version": "1.15-1+deb9u1",
            "severity": "Negligible",
            "url": "https://security-tracker.debian.org/tracker/CVE-2017-15088",
            "vuln": "CVE-2017-15088"
        },
        {
            "feed": "vulnerabilities",
            "feed_group": "debian:9",
            "fix": "None",
            "package": "libkrb5-3-1.15-1+deb9u1",
            "package_cpe": "None",
            "package_name": "libkrb5-3",
            "package_path": "None",
            "package_type": "dpkg",
            "package_version": "1.15-1+deb9u1",
            "severity": "Negligible",
            "url": "https://security-tracker.debian.org/tracker/CVE-2018-5709",
            "vuln": "CVE-2018-5709"
        },
        {
            "feed": "vulnerabilities",
            "feed_group": "debian:9",
            "fix": "None",
            "package": "libkrb5support0-1.15-1+deb9u1",
            "package_cpe": "None",
            "package_name": "libkrb5support0",
            "package_path": "None",
            "package_type": "dpkg",
            "package_version": "1.15-1+deb9u1",
            "severity": "Negligible",
            "url": "https://security-tracker.debian.org/tracker/CVE-2004-0971",
            "vuln": "CVE-2004-0971"
        },
        {
            "feed": "vulnerabilities",
            "feed_group": "debian:9",
            "fix": "None",
            "package": "libkrb5support0-1.15-1+deb9u1",
            "package_cpe": "None",
            "package_name": "libkrb5support0",
            "package_path": "None",
            "package_type": "dpkg",
            "package_version": "1.15-1+deb9u1",
            "severity": "Negligible",
            "url": "https://security-tracker.debian.org/tracker/CVE-2017-15088",
            "vuln": "CVE-2017-15088"
        },
        {
            "feed": "vulnerabilities",
            "feed_group": "debian:9",
            "fix": "None",
            "package": "libkrb5support0-1.15-1+deb9u1",
            "package_cpe": "None",
            "package_name": "libkrb5support0",
            "package_path": "None",
            "package_type": "dpkg",
            "package_version": "1.15-1+deb9u1",
            "severity": "Negligible",
            "url": "https://security-tracker.debian.org/tracker/CVE-2018-5709",
            "vuln": "CVE-2018-5709"
        },
        {
            "feed": "vulnerabilities",
            "feed_group": "debian:9",
            "fix": "None",
            "package": "libldap-2.4-2-2.4.44+dfsg-5+deb9u2",
            "package_cpe": "None",
            "package_name": "libldap-2.4-2",
            "package_path": "None",
            "package_type": "dpkg",
            "package_version": "2.4.44+dfsg-5+deb9u2",
            "severity": "Negligible",
            "url": "https://security-tracker.debian.org/tracker/CVE-2015-3276",
            "vuln": "CVE-2015-3276"
        },
        {
            "feed": "vulnerabilities",
            "feed_group": "debian:9",
            "fix": "None",
            "package": "libldap-2.4-2-2.4.44+dfsg-5+deb9u2",
            "package_cpe": "None",
            "package_name": "libldap-2.4-2",
            "package_path": "None",
            "package_type": "dpkg",
            "package_version": "2.4.44+dfsg-5+deb9u2",
            "severity": "Negligible",
            "url": "https://security-tracker.debian.org/tracker/CVE-2017-14159",
            "vuln": "CVE-2017-14159"
        },
        {
            "feed": "vulnerabilities",
            "feed_group": "debian:9",
            "fix": "None",
            "package": "libldap-2.4-2-2.4.44+dfsg-5+deb9u2",
            "package_cpe": "None",
            "package_name": "libldap-2.4-2",
            "package_path": "None",
            "package_type": "dpkg",
            "package_version": "2.4.44+dfsg-5+deb9u2",
            "severity": "Negligible",
            "url": "https://security-tracker.debian.org/tracker/CVE-2017-17740",
            "vuln": "CVE-2017-17740"
        },
        {
            "feed": "vulnerabilities",
            "feed_group": "debian:9",
            "fix": "None",
            "package": "libldap-common-2.4.44+dfsg-5+deb9u2",
            "package_cpe": "None",
            "package_name": "libldap-common",
            "package_path": "None",
            "package_type": "dpkg",
            "package_version": "2.4.44+dfsg-5+deb9u2",
            "severity": "Negligible",
            "url": "https://security-tracker.debian.org/tracker/CVE-2015-3276",
            "vuln": "CVE-2015-3276"
        },
        {
            "feed": "vulnerabilities",
            "feed_group": "debian:9",
            "fix": "None",
            "package": "libldap-common-2.4.44+dfsg-5+deb9u2",
            "package_cpe": "None",
            "package_name": "libldap-common",
            "package_path": "None",
            "package_type": "dpkg",
            "package_version": "2.4.44+dfsg-5+deb9u2",
            "severity": "Negligible",
            "url": "https://security-tracker.debian.org/tracker/CVE-2017-14159",
            "vuln": "CVE-2017-14159"
        },
        {
            "feed": "vulnerabilities",
            "feed_group": "debian:9",
            "fix": "None",
            "package": "libldap-common-2.4.44+dfsg-5+deb9u2",
            "package_cpe": "None",
            "package_name": "libldap-common",
            "package_path": "None",
            "package_type": "dpkg",
            "package_version": "2.4.44+dfsg-5+deb9u2",
            "severity": "Negligible",
            "url": "https://security-tracker.debian.org/tracker/CVE-2017-17740",
            "vuln": "CVE-2017-17740"
        },
        {
            "feed": "vulnerabilities",
            "feed_group": "debian:9",
            "fix": "None",
            "package": "libncurses5-6.0+20161126-1+deb9u2",
            "package_cpe": "None",
            "package_name": "libncurses5",
            "package_path": "None",
            "package_type": "dpkg",
            "package_version": "6.0+20161126-1+deb9u2",
            "severity": "Medium",
            "url": "https://security-tracker.debian.org/tracker/CVE-2018-19211",
            "vuln": "CVE-2018-19211"
        },
        {
            "feed": "vulnerabilities",
            "feed_group": "debian:9",
            "fix": "None",
            "package": "libncursesw5-6.0+20161126-1+deb9u2",
            "package_cpe": "None",
            "package_name": "libncursesw5",
            "package_path": "None",
            "package_type": "dpkg",
            "package_version": "6.0+20161126-1+deb9u2",
            "severity": "Medium",
            "url": "https://security-tracker.debian.org/tracker/CVE-2018-19211",
            "vuln": "CVE-2018-19211"
        },
        {
            "feed": "vulnerabilities",
            "feed_group": "debian:9",
            "fix": "None",
            "package": "libnss3-2:3.26.2-1.1+deb9u1",
            "package_cpe": "None",
            "package_name": "libnss3",
            "package_path": "None",
            "package_type": "dpkg",
            "package_version": "2:3.26.2-1.1+deb9u1",
            "severity": "Negligible",
            "url": "https://security-tracker.debian.org/tracker/CVE-2017-11695",
            "vuln": "CVE-2017-11695"
        },
        {
            "feed": "vulnerabilities",
            "feed_group": "debian:9",
            "fix": "None",
            "package": "libnss3-2:3.26.2-1.1+deb9u1",
            "package_cpe": "None",
            "package_name": "libnss3",
            "package_path": "None",
            "package_type": "dpkg",
            "package_version": "2:3.26.2-1.1+deb9u1",
            "severity": "Negligible",
            "url": "https://security-tracker.debian.org/tracker/CVE-2017-11696",
            "vuln": "CVE-2017-11696"
        },
        {
            "feed": "vulnerabilities",
            "feed_group": "debian:9",
            "fix": "None",
            "package": "libnss3-2:3.26.2-1.1+deb9u1",
            "package_cpe": "None",
            "package_name": "libnss3",
            "package_path": "None",
            "package_type": "dpkg",
            "package_version": "2:3.26.2-1.1+deb9u1",
            "severity": "Negligible",
            "url": "https://security-tracker.debian.org/tracker/CVE-2017-11697",
            "vuln": "CVE-2017-11697"
        },
        {
            "feed": "vulnerabilities",
            "feed_group": "debian:9",
            "fix": "None",
            "package": "libnss3-2:3.26.2-1.1+deb9u1",
            "package_cpe": "None",
            "package_name": "libnss3",
            "package_path": "None",
            "package_type": "dpkg",
            "package_version": "2:3.26.2-1.1+deb9u1",
            "severity": "Negligible",
            "url": "https://security-tracker.debian.org/tracker/CVE-2017-11698",
            "vuln": "CVE-2017-11698"
        },
        {
            "feed": "vulnerabilities",
            "feed_group": "debian:9",
            "fix": "None",
            "package": "libnss3-2:3.26.2-1.1+deb9u1",
            "package_cpe": "None",
            "package_name": "libnss3",
            "package_path": "None",
            "package_type": "dpkg",
            "package_version": "2:3.26.2-1.1+deb9u1",
            "severity": "Unknown",
            "url": "https://security-tracker.debian.org/tracker/CVE-2018-12404",
            "vuln": "CVE-2018-12404"
        },
        {
            "feed": "vulnerabilities",
            "feed_group": "debian:9",
            "fix": "None",
            "package": "libnss3-2:3.26.2-1.1+deb9u1",
            "package_cpe": "None",
            "package_name": "libnss3",
            "package_path": "None",
            "package_type": "dpkg",
            "package_version": "2:3.26.2-1.1+deb9u1",
            "severity": "Unknown",
            "url": "https://security-tracker.debian.org/tracker/CVE-2018-18508",
            "vuln": "CVE-2018-18508"
        },
        {
            "feed": "vulnerabilities",
            "feed_group": "debian:9",
            "fix": "None",
            "package": "libpcre3-2:8.39-3",
            "package_cpe": "None",
            "package_name": "libpcre3",
            "package_path": "None",
            "package_type": "dpkg",
            "package_version": "2:8.39-3",
            "severity": "Negligible",
            "url": "https://security-tracker.debian.org/tracker/CVE-2017-11164",
            "vuln": "CVE-2017-11164"
        },
        {
            "feed": "vulnerabilities",
            "feed_group": "debian:9",
            "fix": "None",
            "package": "libpcre3-2:8.39-3",
            "package_cpe": "None",
            "package_name": "libpcre3",
            "package_path": "None",
            "package_type": "dpkg",
            "package_version": "2:8.39-3",
            "severity": "Negligible",
            "url": "https://security-tracker.debian.org/tracker/CVE-2017-16231",
            "vuln": "CVE-2017-16231"
        },
        {
            "feed": "vulnerabilities",
            "feed_group": "debian:9",
            "fix": "None",
            "package": "libpcre3-2:8.39-3",
            "package_cpe": "None",
            "package_name": "libpcre3",
            "package_path": "None",
            "package_type": "dpkg",
            "package_version": "2:8.39-3",
            "severity": "Negligible",
            "url": "https://security-tracker.debian.org/tracker/CVE-2017-7245",
            "vuln": "CVE-2017-7245"
        },
        {
            "feed": "vulnerabilities",
            "feed_group": "debian:9",
            "fix": "None",
            "package": "libpcre3-2:8.39-3",
            "package_cpe": "None",
            "package_name": "libpcre3",
            "package_path": "None",
            "package_type": "dpkg",
            "package_version": "2:8.39-3",
            "severity": "Negligible",
            "url": "https://security-tracker.debian.org/tracker/CVE-2017-7246",
            "vuln": "CVE-2017-7246"
        },
        {
            "feed": "vulnerabilities",
            "feed_group": "debian:9",
            "fix": "None",
            "package": "libperl5.24-5.24.1-3+deb9u5",
            "package_cpe": "None",
            "package_name": "libperl5.24",
            "package_path": "None",
            "package_type": "dpkg",
            "package_version": "5.24.1-3+deb9u5",
            "severity": "Negligible",
            "url": "https://security-tracker.debian.org/tracker/CVE-2011-4116",
            "vuln": "CVE-2011-4116"
        },
        {
            "feed": "vulnerabilities",
            "feed_group": "debian:9",
            "fix": "None",
            "package": "libpng16-16-1.6.28-1",
            "package_cpe": "None",
            "package_name": "libpng16-16",
            "package_path": "None",
            "package_type": "dpkg",
            "package_version": "1.6.28-1",
            "severity": "Negligible",
            "url": "https://security-tracker.debian.org/tracker/CVE-2018-14048",
            "vuln": "CVE-2018-14048"
        },
        {
            "feed": "vulnerabilities",
            "feed_group": "debian:9",
            "fix": "None",
            "package": "libpng16-16-1.6.28-1",
            "package_cpe": "None",
            "package_name": "libpng16-16",
            "package_path": "None",
            "package_type": "dpkg",
            "package_version": "1.6.28-1",
            "severity": "Negligible",
            "url": "https://security-tracker.debian.org/tracker/CVE-2018-14550",
            "vuln": "CVE-2018-14550"
        },
        {
            "feed": "vulnerabilities",
            "feed_group": "debian:9",
            "fix": "None",
            "package": "libpng16-16-1.6.28-1",
            "package_cpe": "None",
            "package_name": "libpng16-16",
            "package_path": "None",
            "package_type": "dpkg",
            "package_version": "1.6.28-1",
            "severity": "Negligible",
            "url": "https://security-tracker.debian.org/tracker/CVE-2019-6129",
            "vuln": "CVE-2019-6129"
        },
        {
            "feed": "vulnerabilities",
            "feed_group": "debian:9",
            "fix": "None",
            "package": "libpng16-16-1.6.28-1",
            "package_cpe": "None",
            "package_name": "libpng16-16",
            "package_path": "None",
            "package_type": "dpkg",
            "package_version": "1.6.28-1",
            "severity": "Low",
            "url": "https://security-tracker.debian.org/tracker/CVE-2019-7317",
            "vuln": "CVE-2019-7317"
        },
        {
            "feed": "vulnerabilities",
            "feed_group": "debian:9",
            "fix": "None",
            "package": "libpython2.7-minimal-2.7.13-2+deb9u3",
            "package_cpe": "None",
            "package_name": "libpython2.7-minimal",
            "package_path": "None",
            "package_type": "dpkg",
            "package_version": "2.7.13-2+deb9u3",
            "severity": "Negligible",
            "url": "https://security-tracker.debian.org/tracker/CVE-2013-7040",
            "vuln": "CVE-2013-7040"
        },
        {
            "feed": "vulnerabilities",
            "feed_group": "debian:9",
            "fix": "None",
            "package": "libpython2.7-minimal-2.7.13-2+deb9u3",
            "package_cpe": "None",
            "package_name": "libpython2.7-minimal",
            "package_path": "None",
            "package_type": "dpkg",
            "package_version": "2.7.13-2+deb9u3",
            "severity": "Negligible",
            "url": "https://security-tracker.debian.org/tracker/CVE-2017-17522",
            "vuln": "CVE-2017-17522"
        },
        {
            "feed": "vulnerabilities",
            "feed_group": "debian:9",
            "fix": "None",
            "package": "libpython2.7-minimal-2.7.13-2+deb9u3",
            "package_cpe": "None",
            "package_name": "libpython2.7-minimal",
            "package_path": "None",
            "package_type": "dpkg",
            "package_version": "2.7.13-2+deb9u3",
            "severity": "Negligible",
            "url": "https://security-tracker.debian.org/tracker/CVE-2018-1000030",
            "vuln": "CVE-2018-1000030"
        },
        {
            "feed": "vulnerabilities",
            "feed_group": "debian:9",
            "fix": "None",
            "package": "libpython2.7-minimal-2.7.13-2+deb9u3",
            "package_cpe": "None",
            "package_name": "libpython2.7-minimal",
            "package_path": "None",
            "package_type": "dpkg",
            "package_version": "2.7.13-2+deb9u3",
            "severity": "Medium",
            "url": "https://security-tracker.debian.org/tracker/CVE-2019-9636",
            "vuln": "CVE-2019-9636"
        },
        {
            "feed": "vulnerabilities",
            "feed_group": "debian:9",
            "fix": "None",
            "package": "libpython2.7-minimal-2.7.13-2+deb9u3",
            "package_cpe": "None",
            "package_name": "libpython2.7-minimal",
            "package_path": "None",
            "package_type": "dpkg",
            "package_version": "2.7.13-2+deb9u3",
            "severity": "Medium",
            "url": "https://security-tracker.debian.org/tracker/CVE-2019-9740",
            "vuln": "CVE-2019-9740"
        },
        {
            "feed": "vulnerabilities",
            "feed_group": "debian:9",
            "fix": "None",
            "package": "libpython2.7-minimal-2.7.13-2+deb9u3",
            "package_cpe": "None",
            "package_name": "libpython2.7-minimal",
            "package_path": "None",
            "package_type": "dpkg",
            "package_version": "2.7.13-2+deb9u3",
            "severity": "Medium",
            "url": "https://security-tracker.debian.org/tracker/CVE-2019-9947",
            "vuln": "CVE-2019-9947"
        },
        {
            "feed": "vulnerabilities",
            "feed_group": "debian:9",
            "fix": "None",
            "package": "libpython2.7-minimal-2.7.13-2+deb9u3",
            "package_cpe": "None",
            "package_name": "libpython2.7-minimal",
            "package_path": "None",
            "package_type": "dpkg",
            "package_version": "2.7.13-2+deb9u3",
            "severity": "Medium",
            "url": "https://security-tracker.debian.org/tracker/CVE-2019-9948",
            "vuln": "CVE-2019-9948"
        },
        {
            "feed": "vulnerabilities",
            "feed_group": "debian:9",
            "fix": "None",
            "package": "libpython2.7-stdlib-2.7.13-2+deb9u3",
            "package_cpe": "None",
            "package_name": "libpython2.7-stdlib",
            "package_path": "None",
            "package_type": "dpkg",
            "package_version": "2.7.13-2+deb9u3",
            "severity": "Negligible",
            "url": "https://security-tracker.debian.org/tracker/CVE-2013-7040",
            "vuln": "CVE-2013-7040"
        },
        {
            "feed": "vulnerabilities",
            "feed_group": "debian:9",
            "fix": "None",
            "package": "libpython2.7-stdlib-2.7.13-2+deb9u3",
            "package_cpe": "None",
            "package_name": "libpython2.7-stdlib",
            "package_path": "None",
            "package_type": "dpkg",
            "package_version": "2.7.13-2+deb9u3",
            "severity": "Negligible",
            "url": "https://security-tracker.debian.org/tracker/CVE-2017-17522",
            "vuln": "CVE-2017-17522"
        },
        {
            "feed": "vulnerabilities",
            "feed_group": "debian:9",
            "fix": "None",
            "package": "libpython2.7-stdlib-2.7.13-2+deb9u3",
            "package_cpe": "None",
            "package_name": "libpython2.7-stdlib",
            "package_path": "None",
            "package_type": "dpkg",
            "package_version": "2.7.13-2+deb9u3",
            "severity": "Negligible",
            "url": "https://security-tracker.debian.org/tracker/CVE-2018-1000030",
            "vuln": "CVE-2018-1000030"
        },
        {
            "feed": "vulnerabilities",
            "feed_group": "debian:9",
            "fix": "None",
            "package": "libpython2.7-stdlib-2.7.13-2+deb9u3",
            "package_cpe": "None",
            "package_name": "libpython2.7-stdlib",
            "package_path": "None",
            "package_type": "dpkg",
            "package_version": "2.7.13-2+deb9u3",
            "severity": "Medium",
            "url": "https://security-tracker.debian.org/tracker/CVE-2019-9636",
            "vuln": "CVE-2019-9636"
        },
        {
            "feed": "vulnerabilities",
            "feed_group": "debian:9",
            "fix": "None",
            "package": "libpython2.7-stdlib-2.7.13-2+deb9u3",
            "package_cpe": "None",
            "package_name": "libpython2.7-stdlib",
            "package_path": "None",
            "package_type": "dpkg",
            "package_version": "2.7.13-2+deb9u3",
            "severity": "Medium",
            "url": "https://security-tracker.debian.org/tracker/CVE-2019-9740",
            "vuln": "CVE-2019-9740"
        },
        {
            "feed": "vulnerabilities",
            "feed_group": "debian:9",
            "fix": "None",
            "package": "libpython2.7-stdlib-2.7.13-2+deb9u3",
            "package_cpe": "None",
            "package_name": "libpython2.7-stdlib",
            "package_path": "None",
            "package_type": "dpkg",
            "package_version": "2.7.13-2+deb9u3",
            "severity": "Medium",
            "url": "https://security-tracker.debian.org/tracker/CVE-2019-9947",
            "vuln": "CVE-2019-9947"
        },
        {
            "feed": "vulnerabilities",
            "feed_group": "debian:9",
            "fix": "None",
            "package": "libpython2.7-stdlib-2.7.13-2+deb9u3",
            "package_cpe": "None",
            "package_name": "libpython2.7-stdlib",
            "package_path": "None",
            "package_type": "dpkg",
            "package_version": "2.7.13-2+deb9u3",
            "severity": "Medium",
            "url": "https://security-tracker.debian.org/tracker/CVE-2019-9948",
            "vuln": "CVE-2019-9948"
        },
        {
            "feed": "vulnerabilities",
            "feed_group": "debian:9",
            "fix": "None",
            "package": "libpython-stdlib-2.7.13-2",
            "package_cpe": "None",
            "package_name": "libpython-stdlib",
            "package_path": "None",
            "package_type": "dpkg",
            "package_version": "2.7.13-2",
            "severity": "Negligible",
            "url": "https://security-tracker.debian.org/tracker/CVE-2008-4108",
            "vuln": "CVE-2008-4108"
        },
        {
            "feed": "vulnerabilities",
            "feed_group": "debian:9",
            "fix": "None",
            "package": "libsqlite3-0-3.16.2-5+deb9u1",
            "package_cpe": "None",
            "package_name": "libsqlite3-0",
            "package_path": "None",
            "package_type": "dpkg",
            "package_version": "3.16.2-5+deb9u1",
            "severity": "Negligible",
            "url": "https://security-tracker.debian.org/tracker/CVE-2017-13685",
            "vuln": "CVE-2017-13685"
        },
        {
            "feed": "vulnerabilities",
            "feed_group": "debian:9",
            "fix": "None",
            "package": "libssh2-1-1.7.0-1",
            "package_cpe": "None",
            "package_name": "libssh2-1",
            "package_path": "None",
            "package_type": "dpkg",
            "package_version": "1.7.0-1",
            "severity": "High",
            "url": "https://security-tracker.debian.org/tracker/CVE-2019-3855",
            "vuln": "CVE-2019-3855"
        },
        {
            "feed": "vulnerabilities",
            "feed_group": "debian:9",
            "fix": "None",
            "package": "libssh2-1-1.7.0-1",
            "package_cpe": "None",
            "package_name": "libssh2-1",
            "package_path": "None",
            "package_type": "dpkg",
            "package_version": "1.7.0-1",
            "severity": "Medium",
            "url": "https://security-tracker.debian.org/tracker/CVE-2019-3856",
            "vuln": "CVE-2019-3856"
        },
        {
            "feed": "vulnerabilities",
            "feed_group": "debian:9",
            "fix": "None",
            "package": "libssh2-1-1.7.0-1",
            "package_cpe": "None",
            "package_name": "libssh2-1",
            "package_path": "None",
            "package_type": "dpkg",
            "package_version": "1.7.0-1",
            "severity": "Medium",
            "url": "https://security-tracker.debian.org/tracker/CVE-2019-3857",
            "vuln": "CVE-2019-3857"
        },
        {
            "feed": "vulnerabilities",
            "feed_group": "debian:9",
            "fix": "None",
            "package": "libssh2-1-1.7.0-1",
            "package_cpe": "None",
            "package_name": "libssh2-1",
            "package_path": "None",
            "package_type": "dpkg",
            "package_version": "1.7.0-1",
            "severity": "Medium",
            "url": "https://security-tracker.debian.org/tracker/CVE-2019-3858",
            "vuln": "CVE-2019-3858"
        },
        {
            "feed": "vulnerabilities",
            "feed_group": "debian:9",
            "fix": "None",
            "package": "libssh2-1-1.7.0-1",
            "package_cpe": "None",
            "package_name": "libssh2-1",
            "package_path": "None",
            "package_type": "dpkg",
            "package_version": "1.7.0-1",
            "severity": "Medium",
            "url": "https://security-tracker.debian.org/tracker/CVE-2019-3859",
            "vuln": "CVE-2019-3859"
        },
        {
            "feed": "vulnerabilities",
            "feed_group": "debian:9",
            "fix": "None",
            "package": "libssh2-1-1.7.0-1",
            "package_cpe": "None",
            "package_name": "libssh2-1",
            "package_path": "None",
            "package_type": "dpkg",
            "package_version": "1.7.0-1",
            "severity": "Medium",
            "url": "https://security-tracker.debian.org/tracker/CVE-2019-3860",
            "vuln": "CVE-2019-3860"
        },
        {
            "feed": "vulnerabilities",
            "feed_group": "debian:9",
            "fix": "None",
            "package": "libssh2-1-1.7.0-1",
            "package_cpe": "None",
            "package_name": "libssh2-1",
            "package_path": "None",
            "package_type": "dpkg",
            "package_version": "1.7.0-1",
            "severity": "Medium",
            "url": "https://security-tracker.debian.org/tracker/CVE-2019-3861",
            "vuln": "CVE-2019-3861"
        },
        {
            "feed": "vulnerabilities",
            "feed_group": "debian:9",
            "fix": "None",
            "package": "libssh2-1-1.7.0-1",
            "package_cpe": "None",
            "package_name": "libssh2-1",
            "package_path": "None",
            "package_type": "dpkg",
            "package_version": "1.7.0-1",
            "severity": "Medium",
            "url": "https://security-tracker.debian.org/tracker/CVE-2019-3862",
            "vuln": "CVE-2019-3862"
        },
        {
            "feed": "vulnerabilities",
            "feed_group": "debian:9",
            "fix": "None",
            "package": "libssh2-1-1.7.0-1",
            "package_cpe": "None",
            "package_name": "libssh2-1",
            "package_path": "None",
            "package_type": "dpkg",
            "package_version": "1.7.0-1",
            "severity": "Medium",
            "url": "https://security-tracker.debian.org/tracker/CVE-2019-3863",
            "vuln": "CVE-2019-3863"
        },
        {
            "feed": "vulnerabilities",
            "feed_group": "debian:9",
            "fix": "None",
            "package": "libssl1.1-1.1.0j-1~deb9u1",
            "package_cpe": "None",
            "package_name": "libssl1.1",
            "package_path": "None",
            "package_type": "dpkg",
            "package_version": "1.1.0j-1~deb9u1",
            "severity": "Negligible",
            "url": "https://security-tracker.debian.org/tracker/CVE-2007-6755",
            "vuln": "CVE-2007-6755"
        },
        {
            "feed": "vulnerabilities",
            "feed_group": "debian:9",
            "fix": "None",
            "package": "libssl1.1-1.1.0j-1~deb9u1",
            "package_cpe": "None",
            "package_name": "libssl1.1",
            "package_path": "None",
            "package_type": "dpkg",
            "package_version": "1.1.0j-1~deb9u1",
            "severity": "Negligible",
            "url": "https://security-tracker.debian.org/tracker/CVE-2010-0928",
            "vuln": "CVE-2010-0928"
        },
        {
            "feed": "vulnerabilities",
            "feed_group": "debian:9",
            "fix": "None",
            "package": "libsystemd0-232-25+deb9u9",
            "package_cpe": "None",
            "package_name": "libsystemd0",
            "package_path": "None",
            "package_type": "dpkg",
            "package_version": "232-25+deb9u9",
            "severity": "Negligible",
            "url": "https://security-tracker.debian.org/tracker/CVE-2013-4392",
            "vuln": "CVE-2013-4392"
        },
        {
            "feed": "vulnerabilities",
            "feed_group": "debian:9",
            "fix": "None",
            "package": "libsystemd0-232-25+deb9u9",
            "package_cpe": "None",
            "package_name": "libsystemd0",
            "package_path": "None",
            "package_type": "dpkg",
            "package_version": "232-25+deb9u9",
            "severity": "Negligible",
            "url": "https://security-tracker.debian.org/tracker/CVE-2017-1000082",
            "vuln": "CVE-2017-1000082"
        },
        {
            "feed": "vulnerabilities",
            "feed_group": "debian:9",
            "fix": "None",
            "package": "libsystemd0-232-25+deb9u9",
            "package_cpe": "None",
            "package_name": "libsystemd0",
            "package_path": "None",
            "package_type": "dpkg",
            "package_version": "232-25+deb9u9",
            "severity": "Negligible",
            "url": "https://security-tracker.debian.org/tracker/CVE-2017-18078",
            "vuln": "CVE-2017-18078"
        },
        {
            "feed": "vulnerabilities",
            "feed_group": "debian:9",
            "fix": "232-25+deb9u10",
            "package": "libsystemd0-232-25+deb9u9",
            "package_cpe": "None",
            "package_name": "libsystemd0",
            "package_path": "None",
            "package_type": "dpkg",
            "package_version": "232-25+deb9u9",
            "severity": "Medium",
            "url": "https://security-tracker.debian.org/tracker/CVE-2018-1049",
            "vuln": "CVE-2018-1049"
        },
        {
            "feed": "vulnerabilities",
            "feed_group": "debian:9",
            "fix": "232-25+deb9u10",
            "package": "libsystemd0-232-25+deb9u9",
            "package_cpe": "None",
            "package_name": "libsystemd0",
            "package_path": "None",
            "package_type": "dpkg",
            "package_version": "232-25+deb9u9",
            "severity": "High",
            "url": "https://security-tracker.debian.org/tracker/CVE-2018-15686",
            "vuln": "CVE-2018-15686"
        },
        {
            "feed": "vulnerabilities",
            "feed_group": "debian:9",
            "fix": "232-25+deb9u11",
            "package": "libsystemd0-232-25+deb9u9",
            "package_cpe": "None",
            "package_name": "libsystemd0",
            "package_path": "None",
            "package_type": "dpkg",
            "package_version": "232-25+deb9u9",
            "severity": "Medium",
            "url": "https://security-tracker.debian.org/tracker/CVE-2019-3842",
            "vuln": "CVE-2019-3842"
        },
        {
            "feed": "vulnerabilities",
            "feed_group": "debian:9",
            "fix": "None",
            "package": "libtasn1-6-4.10-1.1+deb9u1",
            "package_cpe": "None",
            "package_name": "libtasn1-6",
            "package_path": "None",
            "package_type": "dpkg",
            "package_version": "4.10-1.1+deb9u1",
            "severity": "Negligible",
            "url": "https://security-tracker.debian.org/tracker/CVE-2018-1000654",
            "vuln": "CVE-2018-1000654"
        },
        {
            "feed": "vulnerabilities",
            "feed_group": "debian:9",
            "fix": "None",
            "package": "libtiff5-4.0.8-2+deb9u4",
            "package_cpe": "None",
            "package_name": "libtiff5",
            "package_path": "None",
            "package_type": "dpkg",
            "package_version": "4.0.8-2+deb9u4",
            "severity": "Negligible",
            "url": "https://security-tracker.debian.org/tracker/CVE-2014-8130",
            "vuln": "CVE-2014-8130"
        },
        {
            "feed": "vulnerabilities",
            "feed_group": "debian:9",
            "fix": "None",
            "package": "libtiff5-4.0.8-2+deb9u4",
            "package_cpe": "None",
            "package_name": "libtiff5",
            "package_path": "None",
            "package_type": "dpkg",
            "package_version": "4.0.8-2+deb9u4",
            "severity": "Negligible",
            "url": "https://security-tracker.debian.org/tracker/CVE-2017-16232",
            "vuln": "CVE-2017-16232"
        },
        {
            "feed": "vulnerabilities",
            "feed_group": "debian:9",
            "fix": "None",
            "package": "libtiff5-4.0.8-2+deb9u4",
            "package_cpe": "None",
            "package_name": "libtiff5",
            "package_path": "None",
            "package_type": "dpkg",
            "package_version": "4.0.8-2+deb9u4",
            "severity": "Negligible",
            "url": "https://security-tracker.debian.org/tracker/CVE-2017-17973",
            "vuln": "CVE-2017-17973"
        },
        {
            "feed": "vulnerabilities",
            "feed_group": "debian:9",
            "fix": "None",
            "package": "libtiff5-4.0.8-2+deb9u4",
            "package_cpe": "None",
            "package_name": "libtiff5",
            "package_path": "None",
            "package_type": "dpkg",
            "package_version": "4.0.8-2+deb9u4",
            "severity": "Negligible",
            "url": "https://security-tracker.debian.org/tracker/CVE-2017-5563",
            "vuln": "CVE-2017-5563"
        },
        {
            "feed": "vulnerabilities",
            "feed_group": "debian:9",
            "fix": "None",
            "package": "libtiff5-4.0.8-2+deb9u4",
            "package_cpe": "None",
            "package_name": "libtiff5",
            "package_path": "None",
            "package_type": "dpkg",
            "package_version": "4.0.8-2+deb9u4",
            "severity": "Negligible",
            "url": "https://security-tracker.debian.org/tracker/CVE-2017-9117",
            "vuln": "CVE-2017-9117"
        },
        {
            "feed": "vulnerabilities",
            "feed_group": "debian:9",
            "fix": "None",
            "package": "libtiff5-4.0.8-2+deb9u4",
            "package_cpe": "None",
            "package_name": "libtiff5",
            "package_path": "None",
            "package_type": "dpkg",
            "package_version": "4.0.8-2+deb9u4",
            "severity": "Negligible",
            "url": "https://security-tracker.debian.org/tracker/CVE-2018-10126",
            "vuln": "CVE-2018-10126"
        },
        {
            "feed": "vulnerabilities",
            "feed_group": "debian:9",
            "fix": "None",
            "package": "libtiff5-4.0.8-2+deb9u4",
            "package_cpe": "None",
            "package_name": "libtiff5",
            "package_path": "None",
            "package_type": "dpkg",
            "package_version": "4.0.8-2+deb9u4",
            "severity": "Negligible",
            "url": "https://security-tracker.debian.org/tracker/CVE-2018-18661",
            "vuln": "CVE-2018-18661"
        },
        {
            "feed": "vulnerabilities",
            "feed_group": "debian:9",
            "fix": "None",
            "package": "libtiff5-4.0.8-2+deb9u4",
            "package_cpe": "None",
            "package_name": "libtiff5",
            "package_path": "None",
            "package_type": "dpkg",
            "package_version": "4.0.8-2+deb9u4",
            "severity": "Negligible",
            "url": "https://security-tracker.debian.org/tracker/CVE-2019-6128",
            "vuln": "CVE-2019-6128"
        },
        {
            "feed": "vulnerabilities",
            "feed_group": "debian:9",
            "fix": "None",
            "package": "libtinfo5-6.0+20161126-1+deb9u2",
            "package_cpe": "None",
            "package_name": "libtinfo5",
            "package_path": "None",
            "package_type": "dpkg",
            "package_version": "6.0+20161126-1+deb9u2",
            "severity": "Medium",
            "url": "https://security-tracker.debian.org/tracker/CVE-2018-19211",
            "vuln": "CVE-2018-19211"
        },
        {
            "feed": "vulnerabilities",
            "feed_group": "debian:9",
            "fix": "None",
            "package": "libudev1-232-25+deb9u9",
            "package_cpe": "None",
            "package_name": "libudev1",
            "package_path": "None",
            "package_type": "dpkg",
            "package_version": "232-25+deb9u9",
            "severity": "Negligible",
            "url": "https://security-tracker.debian.org/tracker/CVE-2013-4392",
            "vuln": "CVE-2013-4392"
        },
        {
            "feed": "vulnerabilities",
            "feed_group": "debian:9",
            "fix": "None",
            "package": "libudev1-232-25+deb9u9",
            "package_cpe": "None",
            "package_name": "libudev1",
            "package_path": "None",
            "package_type": "dpkg",
            "package_version": "232-25+deb9u9",
            "severity": "Negligible",
            "url": "https://security-tracker.debian.org/tracker/CVE-2017-1000082",
            "vuln": "CVE-2017-1000082"
        },
        {
            "feed": "vulnerabilities",
            "feed_group": "debian:9",
            "fix": "None",
            "package": "libudev1-232-25+deb9u9",
            "package_cpe": "None",
            "package_name": "libudev1",
            "package_path": "None",
            "package_type": "dpkg",
            "package_version": "232-25+deb9u9",
            "severity": "Negligible",
            "url": "https://security-tracker.debian.org/tracker/CVE-2017-18078",
            "vuln": "CVE-2017-18078"
        },
        {
            "feed": "vulnerabilities",
            "feed_group": "debian:9",
            "fix": "232-25+deb9u10",
            "package": "libudev1-232-25+deb9u9",
            "package_cpe": "None",
            "package_name": "libudev1",
            "package_path": "None",
            "package_type": "dpkg",
            "package_version": "232-25+deb9u9",
            "severity": "Medium",
            "url": "https://security-tracker.debian.org/tracker/CVE-2018-1049",
            "vuln": "CVE-2018-1049"
        },
        {
            "feed": "vulnerabilities",
            "feed_group": "debian:9",
            "fix": "232-25+deb9u10",
            "package": "libudev1-232-25+deb9u9",
            "package_cpe": "None",
            "package_name": "libudev1",
            "package_path": "None",
            "package_type": "dpkg",
            "package_version": "232-25+deb9u9",
            "severity": "High",
            "url": "https://security-tracker.debian.org/tracker/CVE-2018-15686",
            "vuln": "CVE-2018-15686"
        },
        {
            "feed": "vulnerabilities",
            "feed_group": "debian:9",
            "fix": "232-25+deb9u11",
            "package": "libudev1-232-25+deb9u9",
            "package_cpe": "None",
            "package_name": "libudev1",
            "package_path": "None",
            "package_type": "dpkg",
            "package_version": "232-25+deb9u9",
            "severity": "Medium",
            "url": "https://security-tracker.debian.org/tracker/CVE-2019-3842",
            "vuln": "CVE-2019-3842"
        },
        {
            "feed": "vulnerabilities",
            "feed_group": "debian:9",
            "fix": "None",
            "package": "login-1:4.4-4.1",
            "package_cpe": "None",
            "package_name": "login",
            "package_path": "None",
            "package_type": "dpkg",
            "package_version": "1:4.4-4.1",
            "severity": "Negligible",
            "url": "https://security-tracker.debian.org/tracker/CVE-2007-5686",
            "vuln": "CVE-2007-5686"
        },
        {
            "feed": "vulnerabilities",
            "feed_group": "debian:9",
            "fix": "None",
            "package": "login-1:4.4-4.1",
            "package_cpe": "None",
            "package_name": "login",
            "package_path": "None",
            "package_type": "dpkg",
            "package_version": "1:4.4-4.1",
            "severity": "Negligible",
            "url": "https://security-tracker.debian.org/tracker/CVE-2013-4235",
            "vuln": "CVE-2013-4235"
        },
        {
            "feed": "vulnerabilities",
            "feed_group": "debian:9",
            "fix": "None",
            "package": "mercurial-4.0-1+deb9u1",
            "package_cpe": "None",
            "package_name": "mercurial",
            "package_path": "None",
            "package_type": "dpkg",
            "package_version": "4.0-1+deb9u1",
            "severity": "High",
            "url": "https://security-tracker.debian.org/tracker/CVE-2017-17458",
            "vuln": "CVE-2017-17458"
        },
        {
            "feed": "vulnerabilities",
            "feed_group": "debian:9",
            "fix": "None",
            "package": "mercurial-4.0-1+deb9u1",
            "package_cpe": "None",
            "package_name": "mercurial",
            "package_path": "None",
            "package_type": "dpkg",
            "package_version": "4.0-1+deb9u1",
            "severity": "Medium",
            "url": "https://security-tracker.debian.org/tracker/CVE-2018-1000132",
            "vuln": "CVE-2018-1000132"
        },
        {
            "feed": "vulnerabilities",
            "feed_group": "debian:9",
            "fix": "None",
            "package": "mercurial-4.0-1+deb9u1",
            "package_cpe": "None",
            "package_name": "mercurial",
            "package_path": "None",
            "package_type": "dpkg",
            "package_version": "4.0-1+deb9u1",
            "severity": "Medium",
            "url": "https://security-tracker.debian.org/tracker/CVE-2018-13346",
            "vuln": "CVE-2018-13346"
        },
        {
            "feed": "vulnerabilities",
            "feed_group": "debian:9",
            "fix": "None",
            "package": "mercurial-4.0-1+deb9u1",
            "package_cpe": "None",
            "package_name": "mercurial",
            "package_path": "None",
            "package_type": "dpkg",
            "package_version": "4.0-1+deb9u1",
            "severity": "High",
            "url": "https://security-tracker.debian.org/tracker/CVE-2018-13347",
            "vuln": "CVE-2018-13347"
        },
        {
            "feed": "vulnerabilities",
            "feed_group": "debian:9",
            "fix": "None",
            "package": "mercurial-4.0-1+deb9u1",
            "package_cpe": "None",
            "package_name": "mercurial",
            "package_path": "None",
            "package_type": "dpkg",
            "package_version": "4.0-1+deb9u1",
            "severity": "Medium",
            "url": "https://security-tracker.debian.org/tracker/CVE-2018-13348",
            "vuln": "CVE-2018-13348"
        },
        {
            "feed": "vulnerabilities",
            "feed_group": "debian:9",
            "fix": "None",
            "package": "mercurial-4.0-1+deb9u1",
            "package_cpe": "None",
            "package_name": "mercurial",
            "package_path": "None",
            "package_type": "dpkg",
            "package_version": "4.0-1+deb9u1",
            "severity": "Medium",
            "url": "https://security-tracker.debian.org/tracker/CVE-2018-17983",
            "vuln": "CVE-2018-17983"
        },
        {
            "feed": "vulnerabilities",
            "feed_group": "debian:9",
            "fix": "None",
            "package": "mercurial-common-4.0-1+deb9u1",
            "package_cpe": "None",
            "package_name": "mercurial-common",
            "package_path": "None",
            "package_type": "dpkg",
            "package_version": "4.0-1+deb9u1",
            "severity": "High",
            "url": "https://security-tracker.debian.org/tracker/CVE-2017-17458",
            "vuln": "CVE-2017-17458"
        },
        {
            "feed": "vulnerabilities",
            "feed_group": "debian:9",
            "fix": "None",
            "package": "mercurial-common-4.0-1+deb9u1",
            "package_cpe": "None",
            "package_name": "mercurial-common",
            "package_path": "None",
            "package_type": "dpkg",
            "package_version": "4.0-1+deb9u1",
            "severity": "Medium",
            "url": "https://security-tracker.debian.org/tracker/CVE-2018-1000132",
            "vuln": "CVE-2018-1000132"
        },
        {
            "feed": "vulnerabilities",
            "feed_group": "debian:9",
            "fix": "None",
            "package": "mercurial-common-4.0-1+deb9u1",
            "package_cpe": "None",
            "package_name": "mercurial-common",
            "package_path": "None",
            "package_type": "dpkg",
            "package_version": "4.0-1+deb9u1",
            "severity": "Medium",
            "url": "https://security-tracker.debian.org/tracker/CVE-2018-13346",
            "vuln": "CVE-2018-13346"
        },
        {
            "feed": "vulnerabilities",
            "feed_group": "debian:9",
            "fix": "None",
            "package": "mercurial-common-4.0-1+deb9u1",
            "package_cpe": "None",
            "package_name": "mercurial-common",
            "package_path": "None",
            "package_type": "dpkg",
            "package_version": "4.0-1+deb9u1",
            "severity": "High",
            "url": "https://security-tracker.debian.org/tracker/CVE-2018-13347",
            "vuln": "CVE-2018-13347"
        },
        {
            "feed": "vulnerabilities",
            "feed_group": "debian:9",
            "fix": "None",
            "package": "mercurial-common-4.0-1+deb9u1",
            "package_cpe": "None",
            "package_name": "mercurial-common",
            "package_path": "None",
            "package_type": "dpkg",
            "package_version": "4.0-1+deb9u1",
            "severity": "Medium",
            "url": "https://security-tracker.debian.org/tracker/CVE-2018-13348",
            "vuln": "CVE-2018-13348"
        },
        {
            "feed": "vulnerabilities",
            "feed_group": "debian:9",
            "fix": "None",
            "package": "mercurial-common-4.0-1+deb9u1",
            "package_cpe": "None",
            "package_name": "mercurial-common",
            "package_path": "None",
            "package_type": "dpkg",
            "package_version": "4.0-1+deb9u1",
            "severity": "Medium",
            "url": "https://security-tracker.debian.org/tracker/CVE-2018-17983",
            "vuln": "CVE-2018-17983"
        },
        {
            "feed": "vulnerabilities",
            "feed_group": "debian:9",
            "fix": "None",
            "package": "multiarch-support-2.24-11+deb9u4",
            "package_cpe": "None",
            "package_name": "multiarch-support",
            "package_path": "None",
            "package_type": "dpkg",
            "package_version": "2.24-11+deb9u4",
            "severity": "Negligible",
            "url": "https://security-tracker.debian.org/tracker/CVE-2010-4051",
            "vuln": "CVE-2010-4051"
        },
        {
            "feed": "vulnerabilities",
            "feed_group": "debian:9",
            "fix": "None",
            "package": "multiarch-support-2.24-11+deb9u4",
            "package_cpe": "None",
            "package_name": "multiarch-support",
            "package_path": "None",
            "package_type": "dpkg",
            "package_version": "2.24-11+deb9u4",
            "severity": "Negligible",
            "url": "https://security-tracker.debian.org/tracker/CVE-2010-4052",
            "vuln": "CVE-2010-4052"
        },
        {
            "feed": "vulnerabilities",
            "feed_group": "debian:9",
            "fix": "None",
            "package": "multiarch-support-2.24-11+deb9u4",
            "package_cpe": "None",
            "package_name": "multiarch-support",
            "package_path": "None",
            "package_type": "dpkg",
            "package_version": "2.24-11+deb9u4",
            "severity": "Negligible",
            "url": "https://security-tracker.debian.org/tracker/CVE-2010-4756",
            "vuln": "CVE-2010-4756"
        },
        {
            "feed": "vulnerabilities",
            "feed_group": "debian:9",
            "fix": "None",
            "package": "multiarch-support-2.24-11+deb9u4",
            "package_cpe": "None",
            "package_name": "multiarch-support",
            "package_path": "None",
            "package_type": "dpkg",
            "package_version": "2.24-11+deb9u4",
            "severity": "Negligible",
            "url": "https://security-tracker.debian.org/tracker/CVE-2015-8985",
            "vuln": "CVE-2015-8985"
        },
        {
            "feed": "vulnerabilities",
            "feed_group": "debian:9",
            "fix": "None",
            "package": "multiarch-support-2.24-11+deb9u4",
            "package_cpe": "None",
            "package_name": "multiarch-support",
            "package_path": "None",
            "package_type": "dpkg",
            "package_version": "2.24-11+deb9u4",
            "severity": "Negligible",
            "url": "https://security-tracker.debian.org/tracker/CVE-2018-20796",
            "vuln": "CVE-2018-20796"
        },
        {
            "feed": "vulnerabilities",
            "feed_group": "debian:9",
            "fix": "None",
            "package": "multiarch-support-2.24-11+deb9u4",
            "package_cpe": "None",
            "package_name": "multiarch-support",
            "package_path": "None",
            "package_type": "dpkg",
            "package_version": "2.24-11+deb9u4",
            "severity": "Negligible",
            "url": "https://security-tracker.debian.org/tracker/CVE-2019-6488",
            "vuln": "CVE-2019-6488"
        },
        {
            "feed": "vulnerabilities",
            "feed_group": "debian:9",
            "fix": "None",
            "package": "multiarch-support-2.24-11+deb9u4",
            "package_cpe": "None",
            "package_name": "multiarch-support",
            "package_path": "None",
            "package_type": "dpkg",
            "package_version": "2.24-11+deb9u4",
            "severity": "Negligible",
            "url": "https://security-tracker.debian.org/tracker/CVE-2019-7309",
            "vuln": "CVE-2019-7309"
        },
        {
            "feed": "vulnerabilities",
            "feed_group": "debian:9",
            "fix": "None",
            "package": "multiarch-support-2.24-11+deb9u4",
            "package_cpe": "None",
            "package_name": "multiarch-support",
            "package_path": "None",
            "package_type": "dpkg",
            "package_version": "2.24-11+deb9u4",
            "severity": "Negligible",
            "url": "https://security-tracker.debian.org/tracker/CVE-2019-9192",
            "vuln": "CVE-2019-9192"
        },
        {
            "feed": "vulnerabilities",
            "feed_group": "debian:9",
            "fix": "None",
            "package": "ncurses-base-6.0+20161126-1+deb9u2",
            "package_cpe": "None",
            "package_name": "ncurses-base",
            "package_path": "None",
            "package_type": "dpkg",
            "package_version": "6.0+20161126-1+deb9u2",
            "severity": "Medium",
            "url": "https://security-tracker.debian.org/tracker/CVE-2018-19211",
            "vuln": "CVE-2018-19211"
        },
        {
            "feed": "vulnerabilities",
            "feed_group": "debian:9",
            "fix": "None",
            "package": "ncurses-bin-6.0+20161126-1+deb9u2",
            "package_cpe": "None",
            "package_name": "ncurses-bin",
            "package_path": "None",
            "package_type": "dpkg",
            "package_version": "6.0+20161126-1+deb9u2",
            "severity": "Medium",
            "url": "https://security-tracker.debian.org/tracker/CVE-2018-19211",
            "vuln": "CVE-2018-19211"
        },
        {
            "feed": "vulnerabilities",
            "feed_group": "debian:9",
            "fix": "None",
            "package": "openssh-client-1:7.4p1-10+deb9u6",
            "package_cpe": "None",
            "package_name": "openssh-client",
            "package_path": "None",
            "package_type": "dpkg",
            "package_version": "1:7.4p1-10+deb9u6",
            "severity": "Negligible",
            "url": "https://security-tracker.debian.org/tracker/CVE-2007-2243",
            "vuln": "CVE-2007-2243"
        },
        {
            "feed": "vulnerabilities",
            "feed_group": "debian:9",
            "fix": "None",
            "package": "openssh-client-1:7.4p1-10+deb9u6",
            "package_cpe": "None",
            "package_name": "openssh-client",
            "package_path": "None",
            "package_type": "dpkg",
            "package_version": "1:7.4p1-10+deb9u6",
            "severity": "Negligible",
            "url": "https://security-tracker.debian.org/tracker/CVE-2007-2768",
            "vuln": "CVE-2007-2768"
        },
        {
            "feed": "vulnerabilities",
            "feed_group": "debian:9",
            "fix": "None",
            "package": "openssh-client-1:7.4p1-10+deb9u6",
            "package_cpe": "None",
            "package_name": "openssh-client",
            "package_path": "None",
            "package_type": "dpkg",
            "package_version": "1:7.4p1-10+deb9u6",
            "severity": "Negligible",
            "url": "https://security-tracker.debian.org/tracker/CVE-2008-3234",
            "vuln": "CVE-2008-3234"
        },
        {
            "feed": "vulnerabilities",
            "feed_group": "debian:9",
            "fix": "None",
            "package": "openssh-client-1:7.4p1-10+deb9u6",
            "package_cpe": "None",
            "package_name": "openssh-client",
            "package_path": "None",
            "package_type": "dpkg",
            "package_version": "1:7.4p1-10+deb9u6",
            "severity": "Negligible",
            "url": "https://security-tracker.debian.org/tracker/CVE-2019-6110",
            "vuln": "CVE-2019-6110"
        },
        {
            "feed": "vulnerabilities",
            "feed_group": "debian:9",
            "fix": "None",
            "package": "openssl-1.1.0j-1~deb9u1",
            "package_cpe": "None",
            "package_name": "openssl",
            "package_path": "None",
            "package_type": "dpkg",
            "package_version": "1.1.0j-1~deb9u1",
            "severity": "Negligible",
            "url": "https://security-tracker.debian.org/tracker/CVE-2007-6755",
            "vuln": "CVE-2007-6755"
        },
        {
            "feed": "vulnerabilities",
            "feed_group": "debian:9",
            "fix": "None",
            "package": "openssl-1.1.0j-1~deb9u1",
            "package_cpe": "None",
            "package_name": "openssl",
            "package_path": "None",
            "package_type": "dpkg",
            "package_version": "1.1.0j-1~deb9u1",
            "severity": "Negligible",
            "url": "https://security-tracker.debian.org/tracker/CVE-2010-0928",
            "vuln": "CVE-2010-0928"
        },
        {
            "feed": "vulnerabilities",
            "feed_group": "debian:9",
            "fix": "None",
            "package": "passwd-1:4.4-4.1",
            "package_cpe": "None",
            "package_name": "passwd",
            "package_path": "None",
            "package_type": "dpkg",
            "package_version": "1:4.4-4.1",
            "severity": "Negligible",
            "url": "https://security-tracker.debian.org/tracker/CVE-2007-5686",
            "vuln": "CVE-2007-5686"
        },
        {
            "feed": "vulnerabilities",
            "feed_group": "debian:9",
            "fix": "None",
            "package": "passwd-1:4.4-4.1",
            "package_cpe": "None",
            "package_name": "passwd",
            "package_path": "None",
            "package_type": "dpkg",
            "package_version": "1:4.4-4.1",
            "severity": "Negligible",
            "url": "https://security-tracker.debian.org/tracker/CVE-2013-4235",
            "vuln": "CVE-2013-4235"
        },
        {
            "feed": "vulnerabilities",
            "feed_group": "debian:9",
            "fix": "None",
            "package": "perl-5.24.1-3+deb9u5",
            "package_cpe": "None",
            "package_name": "perl",
            "package_path": "None",
            "package_type": "dpkg",
            "package_version": "5.24.1-3+deb9u5",
            "severity": "Negligible",
            "url": "https://security-tracker.debian.org/tracker/CVE-2011-4116",
            "vuln": "CVE-2011-4116"
        },
        {
            "feed": "vulnerabilities",
            "feed_group": "debian:9",
            "fix": "None",
            "package": "perl-base-5.24.1-3+deb9u5",
            "package_cpe": "None",
            "package_name": "perl-base",
            "package_path": "None",
            "package_type": "dpkg",
            "package_version": "5.24.1-3+deb9u5",
            "severity": "Negligible",
            "url": "https://security-tracker.debian.org/tracker/CVE-2011-4116",
            "vuln": "CVE-2011-4116"
        },
        {
            "feed": "vulnerabilities",
            "feed_group": "debian:9",
            "fix": "None",
            "package": "perl-modules-5.24-5.24.1-3+deb9u5",
            "package_cpe": "None",
            "package_name": "perl-modules-5.24",
            "package_path": "None",
            "package_type": "dpkg",
            "package_version": "5.24.1-3+deb9u5",
            "severity": "Negligible",
            "url": "https://security-tracker.debian.org/tracker/CVE-2011-4116",
            "vuln": "CVE-2011-4116"
        },
        {
            "feed": "vulnerabilities",
            "feed_group": "debian:9",
            "fix": "None",
            "package": "python-2.7.13-2",
            "package_cpe": "None",
            "package_name": "python",
            "package_path": "None",
            "package_type": "dpkg",
            "package_version": "2.7.13-2",
            "severity": "Negligible",
            "url": "https://security-tracker.debian.org/tracker/CVE-2008-4108",
            "vuln": "CVE-2008-4108"
        },
        {
            "feed": "vulnerabilities",
            "feed_group": "debian:9",
            "fix": "None",
            "package": "python2.7-2.7.13-2+deb9u3",
            "package_cpe": "None",
            "package_name": "python2.7",
            "package_path": "None",
            "package_type": "dpkg",
            "package_version": "2.7.13-2+deb9u3",
            "severity": "Negligible",
            "url": "https://security-tracker.debian.org/tracker/CVE-2013-7040",
            "vuln": "CVE-2013-7040"
        },
        {
            "feed": "vulnerabilities",
            "feed_group": "debian:9",
            "fix": "None",
            "package": "python2.7-2.7.13-2+deb9u3",
            "package_cpe": "None",
            "package_name": "python2.7",
            "package_path": "None",
            "package_type": "dpkg",
            "package_version": "2.7.13-2+deb9u3",
            "severity": "Negligible",
            "url": "https://security-tracker.debian.org/tracker/CVE-2017-17522",
            "vuln": "CVE-2017-17522"
        },
        {
            "feed": "vulnerabilities",
            "feed_group": "debian:9",
            "fix": "None",
            "package": "python2.7-2.7.13-2+deb9u3",
            "package_cpe": "None",
            "package_name": "python2.7",
            "package_path": "None",
            "package_type": "dpkg",
            "package_version": "2.7.13-2+deb9u3",
            "severity": "Negligible",
            "url": "https://security-tracker.debian.org/tracker/CVE-2018-1000030",
            "vuln": "CVE-2018-1000030"
        },
        {
            "feed": "vulnerabilities",
            "feed_group": "debian:9",
            "fix": "None",
            "package": "python2.7-2.7.13-2+deb9u3",
            "package_cpe": "None",
            "package_name": "python2.7",
            "package_path": "None",
            "package_type": "dpkg",
            "package_version": "2.7.13-2+deb9u3",
            "severity": "Medium",
            "url": "https://security-tracker.debian.org/tracker/CVE-2019-9636",
            "vuln": "CVE-2019-9636"
        },
        {
            "feed": "vulnerabilities",
            "feed_group": "debian:9",
            "fix": "None",
            "package": "python2.7-2.7.13-2+deb9u3",
            "package_cpe": "None",
            "package_name": "python2.7",
            "package_path": "None",
            "package_type": "dpkg",
            "package_version": "2.7.13-2+deb9u3",
            "severity": "Medium",
            "url": "https://security-tracker.debian.org/tracker/CVE-2019-9740",
            "vuln": "CVE-2019-9740"
        },
        {
            "feed": "vulnerabilities",
            "feed_group": "debian:9",
            "fix": "None",
            "package": "python2.7-2.7.13-2+deb9u3",
            "package_cpe": "None",
            "package_name": "python2.7",
            "package_path": "None",
            "package_type": "dpkg",
            "package_version": "2.7.13-2+deb9u3",
            "severity": "Medium",
            "url": "https://security-tracker.debian.org/tracker/CVE-2019-9947",
            "vuln": "CVE-2019-9947"
        },
        {
            "feed": "vulnerabilities",
            "feed_group": "debian:9",
            "fix": "None",
            "package": "python2.7-2.7.13-2+deb9u3",
            "package_cpe": "None",
            "package_name": "python2.7",
            "package_path": "None",
            "package_type": "dpkg",
            "package_version": "2.7.13-2+deb9u3",
            "severity": "Medium",
            "url": "https://security-tracker.debian.org/tracker/CVE-2019-9948",
            "vuln": "CVE-2019-9948"
        },
        {
            "feed": "vulnerabilities",
            "feed_group": "debian:9",
            "fix": "None",
            "package": "python2.7-minimal-2.7.13-2+deb9u3",
            "package_cpe": "None",
            "package_name": "python2.7-minimal",
            "package_path": "None",
            "package_type": "dpkg",
            "package_version": "2.7.13-2+deb9u3",
            "severity": "Negligible",
            "url": "https://security-tracker.debian.org/tracker/CVE-2013-7040",
            "vuln": "CVE-2013-7040"
        },
        {
            "feed": "vulnerabilities",
            "feed_group": "debian:9",
            "fix": "None",
            "package": "python2.7-minimal-2.7.13-2+deb9u3",
            "package_cpe": "None",
            "package_name": "python2.7-minimal",
            "package_path": "None",
            "package_type": "dpkg",
            "package_version": "2.7.13-2+deb9u3",
            "severity": "Negligible",
            "url": "https://security-tracker.debian.org/tracker/CVE-2017-17522",
            "vuln": "CVE-2017-17522"
        },
        {
            "feed": "vulnerabilities",
            "feed_group": "debian:9",
            "fix": "None",
            "package": "python2.7-minimal-2.7.13-2+deb9u3",
            "package_cpe": "None",
            "package_name": "python2.7-minimal",
            "package_path": "None",
            "package_type": "dpkg",
            "package_version": "2.7.13-2+deb9u3",
            "severity": "Negligible",
            "url": "https://security-tracker.debian.org/tracker/CVE-2018-1000030",
            "vuln": "CVE-2018-1000030"
        },
        {
            "feed": "vulnerabilities",
            "feed_group": "debian:9",
            "fix": "None",
            "package": "python2.7-minimal-2.7.13-2+deb9u3",
            "package_cpe": "None",
            "package_name": "python2.7-minimal",
            "package_path": "None",
            "package_type": "dpkg",
            "package_version": "2.7.13-2+deb9u3",
            "severity": "Medium",
            "url": "https://security-tracker.debian.org/tracker/CVE-2019-9636",
            "vuln": "CVE-2019-9636"
        },
        {
            "feed": "vulnerabilities",
            "feed_group": "debian:9",
            "fix": "None",
            "package": "python2.7-minimal-2.7.13-2+deb9u3",
            "package_cpe": "None",
            "package_name": "python2.7-minimal",
            "package_path": "None",
            "package_type": "dpkg",
            "package_version": "2.7.13-2+deb9u3",
            "severity": "Medium",
            "url": "https://security-tracker.debian.org/tracker/CVE-2019-9740",
            "vuln": "CVE-2019-9740"
        },
        {
            "feed": "vulnerabilities",
            "feed_group": "debian:9",
            "fix": "None",
            "package": "python2.7-minimal-2.7.13-2+deb9u3",
            "package_cpe": "None",
            "package_name": "python2.7-minimal",
            "package_path": "None",
            "package_type": "dpkg",
            "package_version": "2.7.13-2+deb9u3",
            "severity": "Medium",
            "url": "https://security-tracker.debian.org/tracker/CVE-2019-9947",
            "vuln": "CVE-2019-9947"
        },
        {
            "feed": "vulnerabilities",
            "feed_group": "debian:9",
            "fix": "None",
            "package": "python2.7-minimal-2.7.13-2+deb9u3",
            "package_cpe": "None",
            "package_name": "python2.7-minimal",
            "package_path": "None",
            "package_type": "dpkg",
            "package_version": "2.7.13-2+deb9u3",
            "severity": "Medium",
            "url": "https://security-tracker.debian.org/tracker/CVE-2019-9948",
            "vuln": "CVE-2019-9948"
        },
        {
            "feed": "vulnerabilities",
            "feed_group": "debian:9",
            "fix": "None",
            "package": "python-minimal-2.7.13-2",
            "package_cpe": "None",
            "package_name": "python-minimal",
            "package_path": "None",
            "package_type": "dpkg",
            "package_version": "2.7.13-2",
            "severity": "Negligible",
            "url": "https://security-tracker.debian.org/tracker/CVE-2008-4108",
            "vuln": "CVE-2008-4108"
        },
        {
            "feed": "vulnerabilities",
            "feed_group": "debian:9",
            "fix": "None",
            "package": "tar-1.29b-1.1",
            "package_cpe": "None",
            "package_name": "tar",
            "package_path": "None",
            "package_type": "dpkg",
            "package_version": "1.29b-1.1",
            "severity": "Negligible",
            "url": "https://security-tracker.debian.org/tracker/CVE-2005-2541",
            "vuln": "CVE-2005-2541"
        },
        {
            "feed": "vulnerabilities",
            "feed_group": "debian:9",
            "fix": "None",
            "package": "tar-1.29b-1.1",
            "package_cpe": "None",
            "package_name": "tar",
            "package_path": "None",
            "package_type": "dpkg",
            "package_version": "1.29b-1.1",
            "severity": "Negligible",
            "url": "https://security-tracker.debian.org/tracker/CVE-2019-9923",
            "vuln": "CVE-2019-9923"
        },
        {
            "feed": "vulnerabilities",
            "feed_group": "debian:9",
            "fix": "1.18-5+deb9u3",
            "package": "wget-1.18-5+deb9u2",
            "package_cpe": "None",
            "package_name": "wget",
            "package_path": "None",
            "package_type": "dpkg",
            "package_version": "1.18-5+deb9u2",
            "severity": "Unknown",
            "url": "https://security-tracker.debian.org/tracker/CVE-2019-5953",
            "vuln": "CVE-2019-5953"
        }
    ],
    "vulnerability_type": "os"
}
