{
    "imageDigest": "sha256:1b3e388b7503681146c9e15de8d140e8f5b0e79a853df6f0b0a060d3a3424074",
    "vulnerabilities": [
        {
            "feed": "vulnerabilities",
            "feed_group": "alpine:3.4",
            "fix": "1.0.2n-r0",
            "package": "libcrypto1.0-1.0.2n-r0",
            "package_cpe": "None",
            "package_name": "libcrypto1.0",
            "package_path": "None",
            "package_type": "APKG",
            "package_version": "1.0.2n-r0",
            "severity": "Medium",
            "url": "http://cve.mitre.org/cgi-bin/cvename.cgi?name=CVE-2017-3738",
            "vuln": "CVE-2017-3738"
        },
        {
            "feed": "vulnerabilities",
            "feed_group": "alpine:3.4",
            "fix": "1.0.2o-r1",
            "package": "libcrypto1.0-1.0.2n-r0",
            "package_cpe": "None",
            "package_name": "libcrypto1.0",
            "package_path": "None",
            "package_type": "APKG",
            "package_version": "1.0.2n-r0",
            "severity": "Medium",
            "url": "http://cve.mitre.org/cgi-bin/cvename.cgi?name=CVE-2018-0732",
            "vuln": "CVE-2018-0732"
        },
        {
            "feed": "vulnerabilities",
            "feed_group": "alpine:3.4",
            "fix": "1.0.2o-r0",
            "package": "libcrypto1.0-1.0.2n-r0",
            "package_cpe": "None",
            "package_name": "libcrypto1.0",
            "package_path": "None",
            "package_type": "APKG",
            "package_version": "1.0.2n-r0",
            "severity": "Medium",
            "url": "http://cve.mitre.org/cgi-bin/cvename.cgi?name=CVE-2018-0733",
            "vuln": "CVE-2018-0733"
        },
        {
            "feed": "vulnerabilities",
            "feed_group": "alpine:3.4",
            "fix": "1.0.2q-r0",
            "package": "libcrypto1.0-1.0.2n-r0",
            "package_cpe": "None",
            "package_name": "libcrypto1.0",
            "package_path": "None",
            "package_type": "APKG",
            "package_version": "1.0.2n-r0",
            "severity": "Medium",
            "url": "http://cve.mitre.org/cgi-bin/cvename.cgi?name=CVE-2018-0734",
            "vuln": "CVE-2018-0734"
        },
        {
            "feed": "vulnerabilities",
            "feed_group": "alpine:3.4",
            "fix": "1.0.2o-r2",
            "package": "libcrypto1.0-1.0.2n-r0",
            "package_cpe": "None",
            "package_name": "libcrypto1.0",
            "package_path": "None",
            "package_type": "APKG",
            "package_version": "1.0.2n-r0",
            "severity": "Medium",
            "url": "http://cve.mitre.org/cgi-bin/cvename.cgi?name=CVE-2018-0737",
            "vuln": "CVE-2018-0737"
        },
        {
            "feed": "vulnerabilities",
            "feed_group": "alpine:3.4",
            "fix": "1.0.2o-r0",
            "package": "libcrypto1.0-1.0.2n-r0",
            "package_cpe": "None",
            "package_name": "libcrypto1.0",
            "package_path": "None",
            "package_type": "APKG",
            "package_version": "1.0.2n-r0",
            "severity": "Medium",
            "url": "http://cve.mitre.org/cgi-bin/cvename.cgi?name=CVE-2018-0739",
            "vuln": "CVE-2018-0739"
        },
        {
            "feed": "vulnerabilities",
            "feed_group": "alpine:3.4",
            "fix": "1.0.2q-r0",
            "package": "libcrypto1.0-1.0.2n-r0",
            "package_cpe": "None",
            "package_name": "libcrypto1.0",
            "package_path": "None",
            "package_type": "APKG",
            "package_version": "1.0.2n-r0",
            "severity": "Low",
            "url": "http://cve.mitre.org/cgi-bin/cvename.cgi?name=CVE-2018-5407",
            "vuln": "CVE-2018-5407"
        },
        {
            "feed": "vulnerabilities",
            "feed_group": "alpine:3.4",
            "fix": "1.0.2n-r0",
            "package": "libssl1.0-1.0.2n-r0",
            "package_cpe": "None",
            "package_name": "libssl1.0",
            "package_path": "None",
            "package_type": "APKG",
            "package_version": "1.0.2n-r0",
            "severity": "Medium",
            "url": "http://cve.mitre.org/cgi-bin/cvename.cgi?name=CVE-2017-3738",
            "vuln": "CVE-2017-3738"
        },
        {
            "feed": "vulnerabilities",
            "feed_group": "alpine:3.4",
            "fix": "1.0.2o-r1",
            "package": "libssl1.0-1.0.2n-r0",
            "package_cpe": "None",
            "package_name": "libssl1.0",
            "package_path": "None",
            "package_type": "APKG",
            "package_version": "1.0.2n-r0",
            "severity": "Medium",
            "url": "http://cve.mitre.org/cgi-bin/cvename.cgi?name=CVE-2018-0732",
            "vuln": "CVE-2018-0732"
        },
        {
            "feed": "vulnerabilities",
            "feed_group": "alpine:3.4",
            "fix": "1.0.2o-r0",
            "package": "libssl1.0-1.0.2n-r0",
            "package_cpe": "None",
            "package_name": "libssl1.0",
            "package_path": "None",
            "package_type": "APKG",
            "package_version": "1.0.2n-r0",
            "severity": "Medium",
            "url": "http://cve.mitre.org/cgi-bin/cvename.cgi?name=CVE-2018-0733",
            "vuln": "CVE-2018-0733"
        },
        {
            "feed": "vulnerabilities",
            "feed_group": "alpine:3.4",
            "fix": "1.0.2q-r0",
            "package": "libssl1.0-1.0.2n-r0",
            "package_cpe": "None",
            "package_name": "libssl1.0",
            "package_path": "None",
            "package_type": "APKG",
            "package_version": "1.0.2n-r0",
            "severity": "Medium",
            "url": "http://cve.mitre.org/cgi-bin/cvename.cgi?name=CVE-2018-0734",
            "vuln": "CVE-2018-0734"
        },
        {
            "feed": "vulnerabilities",
            "feed_group": "alpine:3.4",
            "fix": "1.0.2o-r2",
            "package": "libssl1.0-1.0.2n-r0",
            "package_cpe": "None",
            "package_name": "libssl1.0",
            "package_path": "None",
            "package_type": "APKG",
            "package_version": "1.0.2n-r0",
            "severity": "Medium",
            "url": "http://cve.mitre.org/cgi-bin/cvename.cgi?name=CVE-2018-0737",
            "vuln": "CVE-2018-0737"
        },
        {
            "feed": "vulnerabilities",
            "feed_group": "alpine:3.4",
            "fix": "1.0.2o-r0",
            "package": "libssl1.0-1.0.2n-r0",
            "package_cpe": "None",
            "package_name": "libssl1.0",
            "package_path": "None",
            "package_type": "APKG",
            "package_version": "1.0.2n-r0",
            "severity": "Medium",
            "url": "http://cve.mitre.org/cgi-bin/cvename.cgi?name=CVE-2018-0739",
            "vuln": "CVE-2018-0739"
        },
        {
            "feed": "vulnerabilities",
            "feed_group": "alpine:3.4",
            "fix": "1.0.2q-r0",
            "package": "libssl1.0-1.0.2n-r0",
            "package_cpe": "None",
            "package_name": "libssl1.0",
            "package_path": "None",
            "package_type": "APKG",
            "package_version": "1.0.2n-r0",
            "severity": "Low",
            "url": "http://cve.mitre.org/cgi-bin/cvename.cgi?name=CVE-2018-5407",
            "vuln": "CVE-2018-5407"
        },
        {
            "feed": "vulnerabilities",
            "feed_group": "alpine:3.4",
            "fix": "1.0.2n-r0",
            "package": "openssl-1.0.2n-r0",
            "package_cpe": "None",
            "package_name": "openssl",
            "package_path": "None",
            "package_type": "APKG",
            "package_version": "1.0.2n-r0",
            "severity": "Medium",
            "url": "http://cve.mitre.org/cgi-bin/cvename.cgi?name=CVE-2017-3738",
            "vuln": "CVE-2017-3738"
        },
        {
            "feed": "vulnerabilities",
            "feed_group": "alpine:3.4",
            "fix": "1.0.2o-r1",
            "package": "openssl-1.0.2n-r0",
            "package_cpe": "None",
            "package_name": "openssl",
            "package_path": "None",
            "package_type": "APKG",
            "package_version": "1.0.2n-r0",
            "severity": "Medium",
            "url": "http://cve.mitre.org/cgi-bin/cvename.cgi?name=CVE-2018-0732",
            "vuln": "CVE-2018-0732"
        },
        {
            "feed": "vulnerabilities",
            "feed_group": "alpine:3.4",
            "fix": "1.0.2o-r0",
            "package": "openssl-1.0.2n-r0",
            "package_cpe": "None",
            "package_name": "openssl",
            "package_path": "None",
            "package_type": "APKG",
            "package_version": "1.0.2n-r0",
            "severity": "Medium",
            "url": "http://cve.mitre.org/cgi-bin/cvename.cgi?name=CVE-2018-0733",
            "vuln": "CVE-2018-0733"
        },
        {
            "feed": "vulnerabilities",
            "feed_group": "alpine:3.4",
            "fix": "1.0.2q-r0",
            "package": "openssl-1.0.2n-r0",
            "package_cpe": "None",
            "package_name": "openssl",
            "package_path": "None",
            "package_type": "APKG",
            "package_version": "1.0.2n-r0",
            "severity": "Medium",
            "url": "http://cve.mitre.org/cgi-bin/cvename.cgi?name=CVE-2018-0734",
            "vuln": "CVE-2018-0734"
        },
        {
            "feed": "vulnerabilities",
            "feed_group": "alpine:3.4",
            "fix": "1.0.2o-r2",
            "package": "openssl-1.0.2n-r0",
            "package_cpe": "None",
            "package_name": "openssl",
            "package_path": "None",
            "package_type": "APKG",
            "package_version": "1.0.2n-r0",
            "severity": "Medium",
            "url": "http://cve.mitre.org/cgi-bin/cvename.cgi?name=CVE-2018-0737",
            "vuln": "CVE-2018-0737"
        },
        {
            "feed": "vulnerabilities",
            "feed_group": "alpine:3.4",
            "fix": "1.0.2o-r0",
            "package": "openssl-1.0.2n-r0",
            "package_cpe": "None",
            "package_name": "openssl",
            "package_path": "None",
            "package_type": "APKG",
            "package_version": "1.0.2n-r0",
            "severity": "Medium",
            "url": "http://cve.mitre.org/cgi-bin/cvename.cgi?name=CVE-2018-0739",
            "vuln": "CVE-2018-0739"
        },
        {
            "feed": "vulnerabilities",
            "feed_group": "alpine:3.4",
            "fix": "1.0.2q-r0",
            "package": "openssl-1.0.2n-r0",
            "package_cpe": "None",
            "package_name": "openssl",
            "package_path": "None",
            "package_type": "APKG",
            "package_version": "1.0.2n-r0",
            "severity": "Low",
            "url": "http://cve.mitre.org/cgi-bin/cvename.cgi?name=CVE-2018-5407",
            "vuln": "CVE-2018-5407"
        },
        {
            "feed": "vulnerabilities",
            "feed_group": "alpine:3.4",
            "fix": "1.0.2n-r0",
            "package": "openssl-dev-1.0.2n-r0",
            "package_cpe": "None",
            "package_name": "openssl-dev",
            "package_path": "None",
            "package_type": "APKG",
            "package_version": "1.0.2n-r0",
            "severity": "Medium",
            "url": "http://cve.mitre.org/cgi-bin/cvename.cgi?name=CVE-2017-3738",
            "vuln": "CVE-2017-3738"
        },
        {
            "feed": "vulnerabilities",
            "feed_group": "alpine:3.4",
            "fix": "1.0.2o-r1",
            "package": "openssl-dev-1.0.2n-r0",
            "package_cpe": "None",
            "package_name": "openssl-dev",
            "package_path": "None",
            "package_type": "APKG",
            "package_version": "1.0.2n-r0",
            "severity": "Medium",
            "url": "http://cve.mitre.org/cgi-bin/cvename.cgi?name=CVE-2018-0732",
            "vuln": "CVE-2018-0732"
        },
        {
            "feed": "vulnerabilities",
            "feed_group": "alpine:3.4",
            "fix": "1.0.2o-r0",
            "package": "openssl-dev-1.0.2n-r0",
            "package_cpe": "None",
            "package_name": "openssl-dev",
            "package_path": "None",
            "package_type": "APKG",
            "package_version": "1.0.2n-r0",
            "severity": "Medium",
            "url": "http://cve.mitre.org/cgi-bin/cvename.cgi?name=CVE-2018-0733",
            "vuln": "CVE-2018-0733"
        },
        {
            "feed": "vulnerabilities",
            "feed_group": "alpine:3.4",
            "fix": "1.0.2q-r0",
            "package": "openssl-dev-1.0.2n-r0",
            "package_cpe": "None",
            "package_name": "openssl-dev",
            "package_path": "None",
            "package_type": "APKG",
            "package_version": "1.0.2n-r0",
            "severity": "Medium",
            "url": "http://cve.mitre.org/cgi-bin/cvename.cgi?name=CVE-2018-0734",
            "vuln": "CVE-2018-0734"
        },
        {
            "feed": "vulnerabilities",
            "feed_group": "alpine:3.4",
            "fix": "1.0.2o-r2",
            "package": "openssl-dev-1.0.2n-r0",
            "package_cpe": "None",
            "package_name": "openssl-dev",
            "package_path": "None",
            "package_type": "APKG",
            "package_version": "1.0.2n-r0",
            "severity": "Medium",
            "url": "http://cve.mitre.org/cgi-bin/cvename.cgi?name=CVE-2018-0737",
            "vuln": "CVE-2018-0737"
        },
        {
            "feed": "vulnerabilities",
            "feed_group": "alpine:3.4",
            "fix": "1.0.2o-r0",
            "package": "openssl-dev-1.0.2n-r0",
            "package_cpe": "None",
            "package_name": "openssl-dev",
            "package_path": "None",
            "package_type": "APKG",
            "package_version": "1.0.2n-r0",
            "severity": "Medium",
            "url": "http://cve.mitre.org/cgi-bin/cvename.cgi?name=CVE-2018-0739",
            "vuln": "CVE-2018-0739"
        },
        {
            "feed": "vulnerabilities",
            "feed_group": "alpine:3.4",
            "fix": "1.0.2q-r0",
            "package": "openssl-dev-1.0.2n-r0",
            "package_cpe": "None",
            "package_name": "openssl-dev",
            "package_path": "None",
            "package_type": "APKG",
            "package_version": "1.0.2n-r0",
            "severity": "Low",
            "url": "http://cve.mitre.org/cgi-bin/cvename.cgi?name=CVE-2018-5407",
            "vuln": "CVE-2018-5407"
        },
        {
            "feed": "nvd",
            "feed_group": "nvddb:2012",
            "fix": "None",
            "package": "tempo-2.6.1",
            "package_cpe": "cpe:/a:-:tempo:2.6.1:-:~~~ruby~~",
            "package_name": "tempo",
            "package_path": "/usr/local/bundle/specifications/tempo-2.6.1.gemspec",
            "package_type": "gem",
            "package_version": "2.6.1",
            "severity": "Medium",
            "url": "https://nvd.nist.gov/vuln/detail/CVE-2012-2927",
            "vuln": "CVE-2012-2927"
        },
        {
            "feed": "nvd",
            "feed_group": "nvddb:2018",
            "fix": "None",
            "package": "rack-2.0.5",
            "package_cpe": "cpe:/a:-:rack:2.0.5:-:~~~ruby~~",
            "package_name": "rack",
            "package_path": "/usr/local/bundle/specifications/rack-2.0.5.gemspec",
            "package_type": "gem",
            "package_version": "2.0.5",
            "severity": "Medium",
            "url": "https://nvd.nist.gov/vuln/detail/CVE-2018-16470",
            "vuln": "CVE-2018-16470"
        },
        {
            "feed": "nvd",
            "feed_group": "nvddb:2017",
            "fix": "None",
            "package": "qs-6.1.0",
            "package_cpe": "cpe:/a:-:qs:6.1.0:-:~~~node.js~~",
            "package_name": "qs",
            "package_path": "/usr/lib/node_modules/npm/node_modules/request/node_modules/qs/package.json",
            "package_type": "npm",
            "package_version": "6.1.0",
            "severity": "Medium",
            "url": "https://nvd.nist.gov/vuln/detail/CVE-2017-1000048",
            "vuln": "CVE-2017-1000048"
        },
        {
            "feed": "nvd",
            "feed_group": "nvddb:2018",
            "fix": "None",
            "package": "loofah-2.2.2",
            "package_cpe": "cpe:/a:-:loofah:2.2.2:-:~~~ruby~~",
            "package_name": "loofah",
            "package_path": "/usr/local/bundle/specifications/loofah-2.2.2.gemspec",
            "package_type": "gem",
            "package_version": "2.2.2",
            "severity": "Low",
            "url": "https://nvd.nist.gov/vuln/detail/CVE-2018-16468",
            "vuln": "CVE-2018-16468"
        }
    ],
    "vulnerability_type": "all"
}
