{"branch": "master", "commit": "Testing repo\n", "commitHash": "99lk1fc964b253c81831974822718aa0b9b33f02", "date": "2018-02-06 09:29:01", "diff": "@@ -1,48 +0,0 @@\n-# Flask settings\n-FLASK_SERVER_NAME = '192.168.1.1:9876'\n-FLASK_DEBUG = True  # Do not use debug mode in production\n-\n-# Flask-Restplus settings\n-RESTPLUS_SWAGGER_UI_DOC_EXPANSION = 'list'\n-RESTPLUS_VALIDATE = True\n-RESTPLUS_MASK_SWAGGER = False\n-RESTPLUS_ERROR_404_HELP = False\n-\n-# SQLAlchemy settings\n-SQLALCHEMY_DATABASE_URI = 'sqlite:///db.sqlite'\n-SQLALCHEMY_TRACK_MODIFICATIONS = False\n-\n-#### demo settings ####\n-\n-### Slack Settings ###\n-#Slack channel to post demo updates #channel-name\n-SLACK_ROOM = '#security-appsec'\n-#Slack web hook in the format: XXXXXXXXX/YYYYYYYYY/ZZZZZZZZZZZZZZZZZZZZZZZZZ\n-SLACK_WEB_HOOK = 'bOweMftCO10tdklIHMHKIrxVdrbooFlploBeOQjZKBIyXim09KeyiTmeanXnJEb1'\n-#Slack bot username\n-SLACK_USERNAME = 'demo'\n-#Slack emoji\n-SLACK_ICON_EMOJI = ':secret:'\n-#Slack @mention\n-SLACK_MENTION = \"<@walter>\"\n-\n-### Container volumes ###\n-#Container volumes in the format localpath:containerpath ex: /usr/local:/opt/demo/\n-CONTAINER_VOLUMES = '/Users/walter/git/demoReports:/opt/demo/,/Users/walter/git/demoReports/ssh:/home/demo/.ssh'\n-#Typically /opt/demo/\n-CONTAINER_REPORTS_DIR = '/opt/demo/'\n-CONTAINER_SOURCE_CODE = '/opt/demo/source/'\n-MASTER_YAML_FILE ='../controller/master.yaml'\n-\n-### Configuration YAML ###\n-TOOL_YAML_FILE = '../controller/demo-config.yaml'\n-#AUTH_FILE = '/Users/walter/git/demo_rest_api/demo_rest_api/config/wunder-prod-tool.config'\n-AUTH_FILE = '/Users/walter/git/demo_rest_api/demo_rest_api/config/wunder-dev-tool.config'\n-KEY_FILE = '/Users/walter/git/demo_rest_api/demo_rest_api/config/wunder-prod-tool-config.key'\n-\n-### Default demo Profiles ###\n-PROFILE_SOURCE_CODE = \"sourcecode\"\n-PROFILE_DYNAMIC = \"dynamicquick\"\n-\n-#The rest API url or ip of this server\n-CONTAINER_WEB_HOOK_URL = 'http://192.168.1.1:9876'\n", "path": "settings.py", "printDiff": "@@ -1,48 +0,0 @@\n-# Flask settings\n-FLASK_SERVER_NAME = '192.168.1.1:9876'\n-FLASK_DEBUG = True  # Do not use debug mode in production\n-\n-# Flask-Restplus settings\n-RESTPLUS_SWAGGER_UI_DOC_EXPANSION = 'list'\n-RESTPLUS_VALIDATE = True\n-RESTPLUS_MASK_SWAGGER = False\n-RESTPLUS_ERROR_404_HELP = False\n-\n-# SQLAlchemy settings\n-SQLALCHEMY_DATABASE_URI = 'sqlite:///db.sqlite'\n-SQLALCHEMY_TRACK_MODIFICATIONS = False\n-\n-#### demo settings ####\n-\n-### Slack Settings ###\n-#Slack channel to post demo updates #channel-name\n-SLACK_ROOM = '#security-appsec'\n-#Slack web hook in the format: XXXXXXXXX/YYYYYYYYY/ZZZZZZZZZZZZZZZZZZZZZZZZZ\n-SLACK_WEB_HOOK = '\u001b[9bOweMftCO10tdklIHMHKIrxVdrbooFlploBeOQjZKBIyXim09KeyiTmeanXnJEb1[0m'\n-#Slack bot username\n-SLACK_USERNAME = 'demo'\n-#Slack emoji\n-SLACK_ICON_EMOJI = ':secret:'\n-#Slack @mention\n-SLACK_MENTION = \"<@walter>\"\n-\n-### Container volumes ###\n-#Container volumes in the format localpath:containerpath ex: /usr/local:/opt/demo/\n-CONTAINER_VOLUMES = '/Users/walter/git/demoReports:/opt/demo/,/Users/walter/git/demoReports/ssh:/home/demo/.ssh'\n-#Typically /opt/demo/\n-CONTAINER_REPORTS_DIR = '/opt/demo/'\n-CONTAINER_SOURCE_CODE = '/opt/demo/source/'\n-MASTER_YAML_FILE ='../controller/master.yaml'\n-\n-### Configuration YAML ###\n-TOOL_YAML_FILE = '../controller/demo-config.yaml'\n-#AUTH_FILE = '/Users/walter/git/demo_rest_api/demo_rest_api/config/wunder-prod-tool.config'\n-AUTH_FILE = '/Users/walter/git/demo_rest_api/demo_rest_api/config/wunder-dev-tool.config'\n-KEY_FILE = '/Users/walter/git/demo_rest_api/demo_rest_api/config/wunder-prod-tool-config.key'\n-\n-### Default demo Profiles ###\n-PROFILE_SOURCE_CODE = \"sourcecode\"\n-PROFILE_DYNAMIC = \"dynamicquick\"\n-\n-#The rest API url or ip of this server\n-CONTAINER_WEB_HOOK_URL = 'http://192.168.1.1:9876'\n", "reason": "High Entropy", "stringsFound": ["bOweMftCO10tdklIHMHKIrxVdrbooFlploBeOQjZKBIyXim09KeyiTmeanXnJEb1"]}
