{
  "components": [
    {
      "hash": "212387a39088ecd3daff",
      "componentIdentifier": {
        "format": "maven",
        "coordinates": {
          "artifactId": "okhttp",
          "classifier": "",
          "extension": "jar",
          "groupId": "com.squareup.okhttp",
          "version": "2.6.0"
        }
      },
      "proprietary": false,
      "matchState": "exact",
      "pathnames": [
        "WEB-INF/lib/okhttp-2.6.0.jar"
      ],
      "licenseData": {
        "declaredLicenses": [
          {
            "licenseId": "Apache-2.0",
            "licenseName": "Apache-2.0"
          }
        ],
        "observedLicenses": [
          {
            "licenseId": "Apache-2.0",
            "licenseName": "Apache-2.0"
          }
        ],
        "overriddenLicenses": [],
        "status": "Open",
        "effectiveLicenseThreats": [
          {
            "licenseThreatGroupName": "Liberal",
            "licenseThreatGroupLevel": 0,
            "licenseThreatGroupCategory": "no-threat"
          }
        ]
      },
      "securityData": {
        "securityIssues": [
          {
            "source": "cve",
            "reference": "CVE-2016-2402",
            "severity": 5.9,
            "status": "Open",
            "url": "http://cve.mitre.org/cgi-bin/cvename.cgi?name=CVE-2016-2402",
            "threatCategory": "severe"
          },
          {
            "source": "sonatype",
            "reference": "sonatype-2018-0035",
            "severity": 5.9,
            "status": "Open",
            "url": null,
            "threatCategory": "severe"
          }
        ]
      }
    }
  ],
  "matchSummary": {
    "totalComponentCount": 1011,
    "knownComponentCount": 826
  }
}
