{
    "test": true,
    "findings": [
        {
            "severity": "medium",
            "registrant_org": "",
            "security_criteria": "shared_hosting",
            "admin_email": "",
            "tech_city": "",
            "tech_phone": "",
            "severity_numeric": "4",
            "registrar": "",
            "tech_email": "",
            "registrant_name": "",
            "admin_city": "",
            "registrant_phone": "",
            "auto_status": "fail",
            "false_positive": "false",
            "country_name": "United States",
            "finding_extra_data_value": "38",
            "registrant_street": "",
            "finding_context": "The system uses an IP address shared with other companies, impacting ability to control IP reputation and overall system security.",
            "finding_data_value": "gke\\.com",
            "form_field_types_detected": "",
            "asset_value_numeric": "2",
            "admin_country": "",
            "admin_name": "",
            "tech_name": "",
            "registrant_country": "",
            "registrar_iana": "",
            "vendor": "Some Co.",
            "country_iso_code": "US",
            "shared_ip": "",
            "state_name": "",
            "asset_value": "low",
            "continent_code": "NA",
            "finding_id": "ff2bbdbfc2b6fddc061ed96b1fasfwefb",
            "finding": "Shared Hosting",
            "tech_zip": "",
            "host_name": "host_name.com",
            "registrar_abuse_email": "",
            "last_seen": "2020-08-13T12:18:45+00:00",
            "first_seen": "2017-03-17T00:34:24+00:00",
            "admin_phone_ext": "",
            "admin_street": "",
            "security_domain": "defensibility",
            "admin_org": "",
            "service": "web",
            "tech_country": "",
            "analyst_status": "fail",
            "auth_detected": "no",
            "analysis_id": "4658161",
            "domain_name": "some_co.com",
            "priority": "5",
            "longitude": "-26.822",
            "continent_name": "North America",
            "registrar_id": "",
            "registrant_city": "",
            "registry_tech_id": "",
            "scan": "",
            "finding_data_description": "shared_hosting",
            "admin_zip": "",
            "metro_code": "",
            "latitude": "77.751",
            "tech_street": "",
            "expires_on": "",
            "ip_address": "0.0.0.0",
            "registrar_expire_date": "",
            "industry": "Software",
            "is_web": "1",
            "state_abbrev": "",
            "registrant_zip": "",
            "record_load_timestamp": "2020-08-13 12:34:18.488062",
            "registrant_phone_ext": "",
            "finding_auto_comments": "",
            "registrant_email": "",
            "toe_id": "edc91460-c65c-4a3c-8e7b-4e78bf70f00c",
            "admin_phone": "",
            "finding_subtype": "shared_hosting",
            "finding_detail": "Shared Hosting",
            "city_name": "",
            "tech_org": "",
            "hosting_provider": "gke.com",
            "finding_type": "shared_hosting",
            "postal_code": "",
            "registrar_abuse_phone": "",
            "hosting_type": "external",
            "name_server": ""
        },
        {
            "severity": "medium",
            "registrant_org": "",
            "security_criteria": "shared_hosting",
            "admin_email": "",
            "tech_city": "",
            "tech_phone": "",
            "severity_numeric": "4",
            "registrar": "",
            "tech_email": "",
            "registrant_name": "",
            "admin_city": "",
            "registrant_phone": "",
            "auto_status": "fail",
            "false_positive": "false",
            "country_name": "United States",
            "finding_extra_data_value": "38",
            "registrant_street": "",
            "finding_context": "The system uses an IP address shared with other companies, impacting ability to control IP reputation and overall system security.",
            "finding_data_value": "gke\\.com",
            "form_field_types_detected": "",
            "asset_value_numeric": "2",
            "admin_country": "",
            "admin_name": "",
            "tech_name": "",
            "registrant_country": "",
            "registrar_iana": "",
            "vendor": "Some Co.",
            "country_iso_code": "US",
            "shared_ip": "",
            "state_name": "",
            "asset_value": "low",
            "continent_code": "NA",
            "finding_id": "ff2bbdbfc2b6gsrgwergwe6b1fasfwefb",
            "finding": "Shared Hosting",
            "tech_zip": "",
            "host_name": "host_name.com",
            "registrar_abuse_email": "",
            "last_seen": "2020-08-13T12:18:45+00:00",
            "first_seen": "2017-03-17T00:34:24+00:00",
            "admin_phone_ext": "",
            "admin_street": "",
            "security_domain": "defensibility",
            "admin_org": "",
            "service": "web",
            "tech_country": "",
            "analyst_status": "fail",
            "auth_detected": "no",
            "analysis_id": "6476061",
            "domain_name": "some_co.com",
            "priority": "5",
            "longitude": "-26.822",
            "continent_name": "North America",
            "registrar_id": "",
            "registrant_city": "",
            "registry_tech_id": "",
            "scan": "",
            "finding_data_description": "shared_hosting",
            "admin_zip": "",
            "metro_code": "",
            "latitude": "58.764",
            "tech_street": "",
            "expires_on": "",
            "ip_address": "127.0.0.1",
            "registrar_expire_date": "",
            "industry": "Software",
            "is_web": "1",
            "state_abbrev": "",
            "registrant_zip": "",
            "record_load_timestamp": "2020-08-13 12:34:18.488062",
            "registrant_phone_ext": "",
            "finding_auto_comments": "",
            "registrant_email": "",
            "toe_id": "edc91460-c65c-4a3c-8e7b-4e78bf70f00c",
            "admin_phone": "",
            "finding_subtype": "shared_hosting",
            "finding_detail": "Shared Hosting",
            "city_name": "",
            "tech_org": "",
            "hosting_provider": "gke.com",
            "finding_type": "shared_hosting",
            "postal_code": "",
            "registrar_abuse_phone": "",
            "hosting_type": "external",
            "name_server": ""
        }
    ]
}