[{"file":"/home/praveen/.jenkins/workspace/Pull_Code/frontend/node_modules/qrcodejs2/jquery.min.js","results":[{"version":"1.8.3","component":"jquery","detection":"filecontent","vulnerabilities":[{"info":["http://bugs.jquery.com/ticket/11290","https://nvd.nist.gov/vuln/detail/CVE-2012-6708","http://research.insecurelabs.org/jquery/test/"],"severity":"medium","identifiers":{"CVE":["CVE-2012-6708"],"bug":"11290","summary":"Selector interpreted as HTML"}},{"info":["https://github.com/jquery/jquery/issues/2432","http://blog.jquery.com/2016/01/08/jquery-2-2-and-1-12-released/","https://nvd.nist.gov/vuln/detail/CVE-2015-9251","http://research.insecurelabs.org/jquery/test/"],"severity":"medium","identifiers":{"issue":"2432","summary":"3rd party CORS request may execute","CVE":["CVE-2015-9251"]}},{"info":["https://bugs.jquery.com/ticket/11974","https://nvd.nist.gov/vuln/detail/CVE-2015-9251","http://research.insecurelabs.org/jquery/test/"],"severity":"medium","identifiers":{"CVE":["CVE-2015-9251"],"issue":"11974","summary":"parseHTML() executes scripts in event handlers"}},{"info":["https://blog.jquery.com/2019/04/10/jquery-3-4-0-released/","https://nvd.nist.gov/vuln/detail/CVE-2019-11358","https://github.com/jquery/jquery/commit/753d591aea698e57d6db58c9f722cd0808619b1b"],"severity":"low","identifiers":{"CVE":["CVE-2019-11358"],"summary":"jQuery before 3.4.0, as used in Drupal, Backdrop CMS, and other products, mishandles jQuery.extend(true, {}, ...) because of Object.prototype pollution"}}]}]},{"file":"/home/praveen/.jenkins/workspace/Pull_Code/frontend/node_modules/webpack-dev-server/client/live.bundle.js","results":[{"version":"3.3.1","component":"jquery","detection":"filecontent","vulnerabilities":[{"info":["https://blog.jquery.com/2019/04/10/jquery-3-4-0-released/","https://nvd.nist.gov/vuln/detail/CVE-2019-11358","https://github.com/jquery/jquery/commit/753d591aea698e57d6db58c9f722cd0808619b1b"],"severity":"low","identifiers":{"CVE":["CVE-2019-11358"],"summary":"jQuery before 3.4.0, as used in Drupal, Backdrop CMS, and other products, mishandles jQuery.extend(true, {}, ...) because of Object.prototype pollution"}}]}]},{"file":"/home/praveen/.jenkins/workspace/Pull_Code/node_modules/selenium-webdriver/lib/test/data/jquery-1.3.2.js","results":[{"version":"1.3.2","component":"jquery","detection":"filename","vulnerabilities":[{"info":["https://nvd.nist.gov/vuln/detail/CVE-2011-4969","http://research.insecurelabs.org/jquery/test/","https://bugs.jquery.com/ticket/9521"],"severity":"medium","identifiers":{"CVE":["CVE-2011-4969"],"summary":"XSS with location.hash"}},{"info":["http://bugs.jquery.com/ticket/11290","https://nvd.nist.gov/vuln/detail/CVE-2012-6708","http://research.insecurelabs.org/jquery/test/"],"severity":"medium","identifiers":{"CVE":["CVE-2012-6708"],"bug":"11290","summary":"Selector interpreted as HTML"}},{"info":["https://blog.jquery.com/2019/04/10/jquery-3-4-0-released/","https://nvd.nist.gov/vuln/detail/CVE-2019-11358","https://github.com/jquery/jquery/commit/753d591aea698e57d6db58c9f722cd0808619b1b"],"severity":"low","identifiers":{"CVE":["CVE-2019-11358"],"summary":"jQuery before 3.4.0, as used in Drupal, Backdrop CMS, and other products, mishandles jQuery.extend(true, {}, ...) because of Object.prototype pollution"}}]}]},{"file":"/home/praveen/.jenkins/workspace/Pull_Code/frontend/node_modules/hammerjs/tests/unit/assets/jquery.min.js","results":[{"version":"2.1.1","component":"jquery","detection":"filecontent","vulnerabilities":[{"info":["https://github.com/jquery/jquery/issues/2432","http://blog.jquery.com/2016/01/08/jquery-2-2-and-1-12-released/","https://nvd.nist.gov/vuln/detail/CVE-2015-9251","http://research.insecurelabs.org/jquery/test/"],"severity":"medium","identifiers":{"issue":"2432","summary":"3rd party CORS request may execute","CVE":["CVE-2015-9251"]}},{"info":["https://bugs.jquery.com/ticket/11974","https://nvd.nist.gov/vuln/detail/CVE-2015-9251","http://research.insecurelabs.org/jquery/test/"],"severity":"medium","identifiers":{"CVE":["CVE-2015-9251"],"issue":"11974","summary":"parseHTML() executes scripts in event handlers"}},{"info":["https://blog.jquery.com/2019/04/10/jquery-3-4-0-released/","https://nvd.nist.gov/vuln/detail/CVE-2019-11358","https://github.com/jquery/jquery/commit/753d591aea698e57d6db58c9f722cd0808619b1b"],"severity":"low","identifiers":{"CVE":["CVE-2019-11358"],"summary":"jQuery before 3.4.0, as used in Drupal, Backdrop CMS, and other products, mishandles jQuery.extend(true, {}, ...) because of Object.prototype pollution"}}]}]},{"file":"/home/praveen/.jenkins/workspace/Pull_Code/node_modules/selenium-webdriver/lib/test/data/js/jquery-1.4.4.min.js","results":[{"version":"1.4.4","component":"jquery","detection":"filename","vulnerabilities":[{"info":["https://nvd.nist.gov/vuln/detail/CVE-2011-4969","http://research.insecurelabs.org/jquery/test/","https://bugs.jquery.com/ticket/9521"],"severity":"medium","identifiers":{"CVE":["CVE-2011-4969"],"summary":"XSS with location.hash"}},{"info":["http://bugs.jquery.com/ticket/11290","https://nvd.nist.gov/vuln/detail/CVE-2012-6708","http://research.insecurelabs.org/jquery/test/"],"severity":"medium","identifiers":{"CVE":["CVE-2012-6708"],"bug":"11290","summary":"Selector interpreted as HTML"}},{"info":["https://github.com/jquery/jquery/issues/2432","http://blog.jquery.com/2016/01/08/jquery-2-2-and-1-12-released/","https://nvd.nist.gov/vuln/detail/CVE-2015-9251","http://research.insecurelabs.org/jquery/test/"],"severity":"medium","identifiers":{"issue":"2432","summary":"3rd party CORS request may execute","CVE":["CVE-2015-9251"]}},{"info":["https://blog.jquery.com/2019/04/10/jquery-3-4-0-released/","https://nvd.nist.gov/vuln/detail/CVE-2019-11358","https://github.com/jquery/jquery/commit/753d591aea698e57d6db58c9f722cd0808619b1b"],"severity":"low","identifiers":{"CVE":["CVE-2019-11358"],"summary":"jQuery before 3.4.0, as used in Drupal, Backdrop CMS, and other products, mishandles jQuery.extend(true, {}, ...) because of Object.prototype pollution"}}]}]},{"file":"/home/praveen/.jenkins/workspace/Pull_Code/node_modules/selenium-webdriver/lib/test/data/js/jquery-ui-1.8.10.custom.min.js","results":[{"version":"1.8.10","component":"jquery-ui-dialog","detection":"filecontent","vulnerabilities":[{"info":["http://bugs.jqueryui.com/ticket/6016","https://nvd.nist.gov/vuln/detail/CVE-2010-5312"],"severity":"medium","identifiers":{"CVE":["CVE-2010-5312"],"bug":"6016","summary":"Title cross-site scripting vulnerability"}},{"info":["https://github.com/jquery/api.jqueryui.com/issues/281","https://nvd.nist.gov/vuln/detail/CVE-2016-7103","https://snyk.io/vuln/npm:jquery-ui:20160721"],"severity":"high","identifiers":{"CVE":["CVE-2016-7103"],"bug":"281","summary":"XSS Vulnerability on closeText option"}}]},{"version":"1.8.10","component":"jquery-ui-autocomplete","detection":"filecontent"}]},{"file":"/home/praveen/.jenkins/workspace/Pull_Code/node_modules/selenium-webdriver/lib/test/data/js/tinymce.min.js","results":[{"version":"4.0.26","component":"tinyMCE","detection":"filecontentreplace","vulnerabilities":[{"info":["https://www.tinymce.com/docs/changelog/"],"severity":"medium","identifiers":{"summary":"xss issues with media plugin not properly filtering out some script attributes."}},{"info":["https://www.tinymce.com/docs/changelog/"],"severity":"medium","identifiers":{"summary":"FIXED so script elements gets removed by default to prevent possible XSS issues in default config implementations"}},{"info":["https://www.tinymce.com/docs/changelog/"],"severity":"medium","identifiers":{"summary":"FIXED so links with xlink:href attributes are filtered correctly to prevent XSS."}}]}]}]
